username,firstname,lastname,email,password
ucmn-262148854,Tatum,Jacobson,tatum.jacobson@email.com,User123#
ucmn-262143471,Roxane,Fisher,roxane.fisher@email.com,User123#
ucmn-262142910,Matteo,Cartwright,matteo.cartwright@email.com,User123#
ucmn-262145057,Darron,Armstrong,darron.armstrong@email.com,User123#
ucmn-262149712,Cora,Hegmann,cora.hegmann@email.com,User123#
ucmn-262147927,Ephraim,Pfeffer,ephraim.pfeffer@email.com,User123#
ucmn-262149323,Chance,Herman,chance.herman@email.com,User123#
ucmn-262145127,Alivia,Herman,alivia.herman@email.com,User123#
ucmn-262143368,Hermann,Durgan,hermann.durgan@email.com,User123#
ucmn-262142969,Herbert,Rau,herbert.rau@email.com,User123#
ucmn-262147068,Norberto,McKenzie,norberto.mckenzie@email.com,User123#
ucmn-262142399,Wilburn,Kessler,wilburn.kessler@email.com,User123#
ucmn-262148807,Frances,Predovic,frances.predovic@email.com,User123#
ucmn-262148953,Serena,Hodkiewicz,serena.hodkiewicz@email.com,User123#
ucmn-262145469,Christy,Leuschke,christy.leuschke@email.com,User123#
ucmn-262141515,Leonora,Berge,leonora.berge@email.com,User123#
ucmn-262147584,Lester,Schoen,lester.schoen@email.com,User123#
ucmn-262145188,Destinee,Williamson,destinee.williamson@email.com,User123#
ucmn-262142265,Santos,Balistreri,santos.balistreri@email.com,User123#
ucmn-262144233,Fanny,Lind,fanny.lind@email.com,User123#
ucmn-262147546,Ally,Baumbach,ally.baumbach@email.com,User123#
ucmn-262144642,Tyrese,Kshlerin,tyrese.kshlerin@email.com,User123#
ucmn-262147228,Linnie,Trantow,linnie.trantow@email.com,User123#
ucmn-262148122,Joe,Effertz,joe.effertz@email.com,User123#
ucmn-262142250,Kacey,Glover,kacey.glover@email.com,User123#
ucmn-262147641,Dwight,Dare,dwight.dare@email.com,User123#
ucmn-262143240,Aidan,Kunze,aidan.kunze@email.com,User123#
ucmn-262143192,Nora,Price,nora.price@email.com,User123#
ucmn-262145600,Sean,Vandervort,sean.vandervort@email.com,User123#
ucmn-262148738,Granville,Berge,granville.berge@email.com,User123#
ucmn-262146175,Randal,Lebsack,randal.lebsack@email.com,User123#
ucmn-262144729,Cornell,Murray,cornell.murray@email.com,User123#
ucmn-262142429,Edison,Abernathy,edison.abernathy@email.com,User123#
ucmn-262140984,Gerald,Schiller,gerald.schiller@email.com,User123#
ucmn-262147953,Valentin,Feeney,valentin.feeney@email.com,User123#
ucmn-262146491,Pete,Grady,pete.grady@email.com,User123#
ucmn-262146576,Broderick,Krajcik,broderick.krajcik@email.com,User123#
ucmn-262146898,Sigrid,Ziemann,sigrid.ziemann@email.com,User123#
ucmn-262141489,Corbin,Padberg,corbin.padberg@email.com,User123#
ucmn-262145822,Una,Fritsch,una.fritsch@email.com,User123#
ucmn-262148859,Justus,Langworth,justus.langworth@email.com,User123#
ucmn-262147274,Colt,Welch,colt.welch@email.com,User123#
ucmn-262147420,Phyllis,Bosco,phyllis.bosco@email.com,User123#
ucmn-262148977,Aurelio,Bradtke,aurelio.bradtke@email.com,User123#
ucmn-262147526,Brionna,Sawayn,brionna.sawayn@email.com,User123#
ucmn-262141935,Dane,Ankunding,dane.ankunding@email.com,User123#
ucmn-262141379,Monte,Schinner,monte.schinner@email.com,User123#
ucmn-262141682,Elfrieda,Braun,elfrieda.braun@email.com,User123#
ucmn-262145878,Lavon,Grimes,lavon.grimes@email.com,User123#
ucmn-262147064,Trever,Nitzsche,trever.nitzsche@email.com,User123#
