username,firstname,lastname,email,password
ucmn-262149764,Evan,Rath,evan.rath@email.com,User123#
ucmn-262144818,Cruz,Hamill,cruz.hamill@email.com,User123#
ucmn-262145538,Ceasar,Gorczany,ceasar.gorczany@email.com,User123#
ucmn-262146662,Archibald,Johnson,archibald.johnson@email.com,User123#
ucmn-262145705,Freddy,Cole,freddy.cole@email.com,User123#
ucmn-262146157,Loraine,Deckow,loraine.deckow@email.com,User123#
ucmn-262146163,Eusebio,Kuphal,eusebio.kuphal@email.com,User123#
ucmn-262149112,Augustine,Cartwright,augustine.cartwright@email.com,User123#
ucmn-262140866,Shaniya,Osinski,shaniya.osinski@email.com,User123#
ucmn-262141540,Kaleb,Crist,kaleb.crist@email.com,User123#
ucmn-262145608,Evelyn,Bernier,evelyn.bernier@email.com,User123#
ucmn-262142944,Hope,VonRueden,hope.vonrueden@email.com,User123#
ucmn-262149352,Austyn,Schiller,austyn.schiller@email.com,User123#
ucmn-262147802,Newton,Gerhold,newton.gerhold@email.com,User123#
ucmn-262141898,Gabriel,Brown,gabriel.brown@email.com,User123#
ucmn-262144147,Werner,Quitzon,werner.quitzon@email.com,User123#
ucmn-262147029,Brown,Gleichner,brown.gleichner@email.com,User123#
ucmn-262147061,Jed,Boyle,jed.boyle@email.com,User123#
ucmn-262147483,Roslyn,Ebert,roslyn.ebert@email.com,User123#
ucmn-262148720,Mozell,Kemmer,mozell.kemmer@email.com,User123#
ucmn-262143025,Elena,Stark,elena.stark@email.com,User123#
ucmn-262147683,Tyshawn,Conroy,tyshawn.conroy@email.com,User123#
ucmn-262147823,Lily,Donnelly,lily.donnelly@email.com,User123#
ucmn-262144837,Rickie,Erdman,rickie.erdman@email.com,User123#
ucmn-262148395,Stephen,Rippin,stephen.rippin@email.com,User123#
ucmn-262149894,Evan,Nikolaus,evan.nikolaus@email.com,User123#
ucmn-262145786,Saige,Walter,saige.walter@email.com,User123#
ucmn-262140041,Nolan,Casper,nolan.casper@email.com,User123#
ucmn-262147910,Magnus,McClure,magnus.mcclure@email.com,User123#
ucmn-262149967,Bernhard,Watsica,bernhard.watsica@email.com,User123#
ucmn-262146990,Carolanne,Tromp,carolanne.tromp@email.com,User123#
ucmn-262140033,Madeline,Frami,madeline.frami@email.com,User123#
ucmn-262147867,Melany,Mertz,melany.mertz@email.com,User123#
ucmn-262142504,Isabell,Homenick,isabell.homenick@email.com,User123#
ucmn-262147780,Zion,Windler,zion.windler@email.com,User123#
ucmn-262146379,Kieran,Dare,kieran.dare@email.com,User123#
ucmn-262146448,Jany,Schimmel,jany.schimmel@email.com,User123#
ucmn-262148393,Earline,Jaskolski,earline.jaskolski@email.com,User123#
ucmn-262141317,Pearl,Breitenberg,pearl.breitenberg@email.com,User123#
ucmn-262147105,Celestino,Gutmann,celestino.gutmann@email.com,User123#
ucmn-262145367,Lon,Lakin,lon.lakin@email.com,User123#
ucmn-262142387,Paris,Cartwright,paris.cartwright@email.com,User123#
ucmn-262140595,Delores,Gaylord,delores.gaylord@email.com,User123#
ucmn-262147600,Kelsie,Bayer,kelsie.bayer@email.com,User123#
ucmn-262147068,Cristal,Hegmann,cristal.hegmann@email.com,User123#
ucmn-262148809,Dexter,Beier,dexter.beier@email.com,User123#
ucmn-262147108,Brigitte,Champlin,brigitte.champlin@email.com,User123#
ucmn-262149861,Alena,Stroman,alena.stroman@email.com,User123#
ucmn-262146626,Edgardo,Lueilwitz,edgardo.lueilwitz@email.com,User123#
ucmn-262147859,Shayne,Zboncak,shayne.zboncak@email.com,User123#
ucmn-262146842,Madie,Auer,madie.auer@email.com,User123#
ucmn-262146429,Jairo,Macejkovic,jairo.macejkovic@email.com,User123#
ucmn-262143714,Grayce,Lindgren,grayce.lindgren@email.com,User123#
ucmn-262147399,Corbin,Berge,corbin.berge@email.com,User123#
ucmn-262147868,Vince,Hane,vince.hane@email.com,User123#
ucmn-262143679,Evelyn,Hintz,evelyn.hintz@email.com,User123#
ucmn-262140968,Ebba,O'Hara,ebba.o'hara@email.com,User123#
ucmn-262140942,Clair,Ullrich,clair.ullrich@email.com,User123#
ucmn-262141559,Kamron,Gulgowski,kamron.gulgowski@email.com,User123#
ucmn-262140619,Marianne,Hilll,marianne.hilll@email.com,User123#
ucmn-262143956,Dina,Schumm,dina.schumm@email.com,User123#
ucmn-262148671,Rhoda,Price,rhoda.price@email.com,User123#
ucmn-262145236,Gudrun,Kshlerin,gudrun.kshlerin@email.com,User123#
ucmn-262149479,Ervin,Yundt,ervin.yundt@email.com,User123#
ucmn-262144869,Jonathon,Krajcik,jonathon.krajcik@email.com,User123#
ucmn-262144016,Kathryn,Anderson,kathryn.anderson@email.com,User123#
ucmn-262147650,Ervin,Quitzon,ervin.quitzon@email.com,User123#
ucmn-262141029,Niko,Gutkowski,niko.gutkowski@email.com,User123#
ucmn-262141809,Araceli,Jakubowski,araceli.jakubowski@email.com,User123#
ucmn-262142138,Mortimer,Hackett,mortimer.hackett@email.com,User123#
ucmn-262147602,Nickolas,Fay,nickolas.fay@email.com,User123#
ucmn-262140308,Zion,Jaskolski,zion.jaskolski@email.com,User123#
ucmn-262141230,Laney,Mayer,laney.mayer@email.com,User123#
ucmn-262143076,Tyrell,Turcotte,tyrell.turcotte@email.com,User123#
ucmn-262146825,Lexie,Walsh,lexie.walsh@email.com,User123#
ucmn-262148325,Gordon,Buckridge,gordon.buckridge@email.com,User123#
ucmn-262142322,Jeanie,Gerlach,jeanie.gerlach@email.com,User123#
ucmn-262141223,Taylor,Konopelski,taylor.konopelski@email.com,User123#
ucmn-262142483,Everardo,Aufderhar,everardo.aufderhar@email.com,User123#
ucmn-262148915,Gwen,Glover,gwen.glover@email.com,User123#
ucmn-262145993,Shyanne,Keebler,shyanne.keebler@email.com,User123#
ucmn-262147799,Otha,Trantow,otha.trantow@email.com,User123#
ucmn-262141502,Carmen,Gutkowski,carmen.gutkowski@email.com,User123#
ucmn-262148497,Enid,Heaney,enid.heaney@email.com,User123#
ucmn-262145378,Monserrat,Wuckert,monserrat.wuckert@email.com,User123#
ucmn-262140519,Jana,Balistreri,jana.balistreri@email.com,User123#
ucmn-262141744,Sylvester,Koepp,sylvester.koepp@email.com,User123#
ucmn-262149373,Monte,O'Hara,monte.o'hara@email.com,User123#
ucmn-262142647,Zaria,Lueilwitz,zaria.lueilwitz@email.com,User123#
ucmn-262143139,Johnathan,Bahringer,johnathan.bahringer@email.com,User123#
ucmn-262144519,Melany,Lubowitz,melany.lubowitz@email.com,User123#
ucmn-262145037,Matilde,Smith,matilde.smith@email.com,User123#
ucmn-262140174,Aditya,Harber,aditya.harber@email.com,User123#
ucmn-262140043,Lela,Leffler,lela.leffler@email.com,User123#
ucmn-262147898,Isabelle,Schulist,isabelle.schulist@email.com,User123#
ucmn-262144891,Buford,Effertz,buford.effertz@email.com,User123#
ucmn-262148040,Rachel,Lind,rachel.lind@email.com,User123#
ucmn-262143194,Colton,Rutherford,colton.rutherford@email.com,User123#
ucmn-262141266,Reece,Langworth,reece.langworth@email.com,User123#
ucmn-262141056,Stephanie,Christiansen,stephanie.christiansen@email.com,User123#
ucmn-262143922,Kianna,D'Amore,kianna.d'amore@email.com,User123#
ucmn-262145193,Della,Sauer,della.sauer@email.com,User123#
ucmn-262141252,Gilberto,McDermott,gilberto.mcdermott@email.com,User123#
ucmn-262144618,Ambrose,Rosenbaum,ambrose.rosenbaum@email.com,User123#
ucmn-262146153,Hipolito,Hartmann,hipolito.hartmann@email.com,User123#
ucmn-262147953,America,Ryan,america.ryan@email.com,User123#
ucmn-262143091,Jayce,Rempel,jayce.rempel@email.com,User123#
ucmn-262142956,Kailey,Stoltenberg,kailey.stoltenberg@email.com,User123#
ucmn-262147047,Jayme,Volkman,jayme.volkman@email.com,User123#
ucmn-262143069,Ophelia,Larson,ophelia.larson@email.com,User123#
ucmn-262146674,Stacey,Leannon,stacey.leannon@email.com,User123#
ucmn-262146156,Fabiola,Lemke,fabiola.lemke@email.com,User123#
ucmn-262149306,Myah,Conn,myah.conn@email.com,User123#
ucmn-262149600,Julianne,Brown,julianne.brown@email.com,User123#
ucmn-262146379,Kari,Sporer,kari.sporer@email.com,User123#
ucmn-262140874,Carmelo,Kovacek,carmelo.kovacek@email.com,User123#
ucmn-262146110,Dayton,Schultz,dayton.schultz@email.com,User123#
ucmn-262147433,Elaina,Fadel,elaina.fadel@email.com,User123#
ucmn-262148920,Sadie,Strosin,sadie.strosin@email.com,User123#
ucmn-262149938,Emiliano,Hoeger,emiliano.hoeger@email.com,User123#
ucmn-262140842,Danika,Crist,danika.crist@email.com,User123#
ucmn-262144608,Adrien,Collins,adrien.collins@email.com,User123#
ucmn-262142215,Mathias,Auer,mathias.auer@email.com,User123#
ucmn-262149811,Myriam,Bogisich,myriam.bogisich@email.com,User123#
ucmn-262142554,Rusty,Shanahan,rusty.shanahan@email.com,User123#
ucmn-262145244,Greyson,Schaden,greyson.schaden@email.com,User123#
ucmn-262146474,Ciara,Kshlerin,ciara.kshlerin@email.com,User123#
ucmn-262147778,Sim,Rempel,sim.rempel@email.com,User123#
ucmn-262144907,Camylle,Jacobson,camylle.jacobson@email.com,User123#
ucmn-262141721,Karson,Lubowitz,karson.lubowitz@email.com,User123#
ucmn-262141870,Itzel,Gislason,itzel.gislason@email.com,User123#
ucmn-262146059,Rubye,Dickinson,rubye.dickinson@email.com,User123#
ucmn-262147553,Darrel,Brekke,darrel.brekke@email.com,User123#
ucmn-262145333,Katheryn,Koelpin,katheryn.koelpin@email.com,User123#
ucmn-262143439,Estel,Armstrong,estel.armstrong@email.com,User123#
ucmn-262148937,Esteban,Welch,esteban.welch@email.com,User123#
ucmn-262142915,Corrine,Pfeffer,corrine.pfeffer@email.com,User123#
ucmn-262149484,Brendon,Kuphal,brendon.kuphal@email.com,User123#
ucmn-262143103,Kendra,Rolfson,kendra.rolfson@email.com,User123#
ucmn-262141913,Aron,Parisian,aron.parisian@email.com,User123#
ucmn-262147695,Helen,Ziemann,helen.ziemann@email.com,User123#
ucmn-262148494,Sarai,Blanda,sarai.blanda@email.com,User123#
ucmn-262141454,Golden,Stark,golden.stark@email.com,User123#
ucmn-262145254,Korbin,Medhurst,korbin.medhurst@email.com,User123#
ucmn-262147822,Eleazar,Wisozk,eleazar.wisozk@email.com,User123#
ucmn-262145825,Anastacio,O'Connell,anastacio.o'connell@email.com,User123#
ucmn-262144838,Willard,Grimes,willard.grimes@email.com,User123#
ucmn-262141679,Laurie,D'Amore,laurie.d'amore@email.com,User123#
ucmn-262145018,Broderick,Lakin,broderick.lakin@email.com,User123#
ucmn-262142359,Buster,Dooley,buster.dooley@email.com,User123#
ucmn-262140314,Christina,Rolfson,christina.rolfson@email.com,User123#
ucmn-262149036,Gayle,Pfeffer,gayle.pfeffer@email.com,User123#
ucmn-262148268,Janelle,Kunde,janelle.kunde@email.com,User123#
ucmn-262140317,Howard,Lakin,howard.lakin@email.com,User123#
ucmn-262143761,Eleanora,Christiansen,eleanora.christiansen@email.com,User123#
ucmn-262148760,Lindsey,Cummerata,lindsey.cummerata@email.com,User123#
ucmn-262146245,Antonio,Bartell,antonio.bartell@email.com,User123#
ucmn-262148445,Arnold,Swaniawski,arnold.swaniawski@email.com,User123#
ucmn-262144489,Keven,Leffler,keven.leffler@email.com,User123#
ucmn-262145683,Amani,Thiel,amani.thiel@email.com,User123#
ucmn-262141661,Kolby,Schuppe,kolby.schuppe@email.com,User123#
ucmn-262149888,Dolly,Cronin,dolly.cronin@email.com,User123#
ucmn-262146090,Mathew,Zboncak,mathew.zboncak@email.com,User123#
ucmn-262142767,Crystal,Zemlak,crystal.zemlak@email.com,User123#
ucmn-262145390,Jaylen,Vandervort,jaylen.vandervort@email.com,User123#
ucmn-262149185,Adriel,Jast,adriel.jast@email.com,User123#
ucmn-262147934,Augustus,Barton,augustus.barton@email.com,User123#
ucmn-262141069,Marques,Schiller,marques.schiller@email.com,User123#
ucmn-262148133,Sammy,Schmeler,sammy.schmeler@email.com,User123#
ucmn-262146513,Richie,Hartmann,richie.hartmann@email.com,User123#
ucmn-262149763,Sid,Lehner,sid.lehner@email.com,User123#
ucmn-262146984,Ian,Stracke,ian.stracke@email.com,User123#
ucmn-262147517,Tracey,Lehner,tracey.lehner@email.com,User123#
ucmn-262141638,Merlin,Hilpert,merlin.hilpert@email.com,User123#
ucmn-262141918,Bernadine,Hoppe,bernadine.hoppe@email.com,User123#
ucmn-262140620,Ava,Ebert,ava.ebert@email.com,User123#
ucmn-262147449,Rosalinda,Dach,rosalinda.dach@email.com,User123#
ucmn-262146807,Kristy,Gorczany,kristy.gorczany@email.com,User123#
ucmn-262141925,Liza,Langworth,liza.langworth@email.com,User123#
ucmn-262143097,Natasha,Hermiston,natasha.hermiston@email.com,User123#
ucmn-262140873,Oren,Hessel,oren.hessel@email.com,User123#
ucmn-262148072,Jana,Rau,jana.rau@email.com,User123#
ucmn-262143467,Deanna,Frami,deanna.frami@email.com,User123#
ucmn-262142273,Akeem,Beer,akeem.beer@email.com,User123#
ucmn-262140851,Westley,Mohr,westley.mohr@email.com,User123#
ucmn-262144143,Jerod,D'Amore,jerod.d'amore@email.com,User123#
ucmn-262149825,Freddie,Schmeler,freddie.schmeler@email.com,User123#
ucmn-262141254,Alexandra,Rempel,alexandra.rempel@email.com,User123#
ucmn-262144045,Nikolas,Streich,nikolas.streich@email.com,User123#
ucmn-262148425,Karen,Corwin,karen.corwin@email.com,User123#
ucmn-262143278,Garrett,Herzog,garrett.herzog@email.com,User123#
ucmn-262143702,Vickie,Windler,vickie.windler@email.com,User123#
ucmn-262142977,Aubrey,Zieme,aubrey.zieme@email.com,User123#
ucmn-262143408,Gideon,Wiza,gideon.wiza@email.com,User123#
ucmn-262148334,Macey,Shields,macey.shields@email.com,User123#
ucmn-262144277,Aaron,Gutkowski,aaron.gutkowski@email.com,User123#
ucmn-262146161,Brent,West,brent.west@email.com,User123#
ucmn-262140265,Jayce,Torp,jayce.torp@email.com,User123#
ucmn-262142293,Brent,Harber,brent.harber@email.com,User123#
ucmn-262144125,Kasandra,Bartoletti,kasandra.bartoletti@email.com,User123#
ucmn-262141063,Adrain,Wunsch,adrain.wunsch@email.com,User123#
ucmn-262149525,Rogers,Bruen,rogers.bruen@email.com,User123#
ucmn-262149714,Devon,Goodwin,devon.goodwin@email.com,User123#
ucmn-262147946,Cruz,Conroy,cruz.conroy@email.com,User123#
ucmn-262144476,Priscilla,Kris,priscilla.kris@email.com,User123#
ucmn-262148532,Cora,Sauer,cora.sauer@email.com,User123#
ucmn-262146197,Philip,Gutkowski,philip.gutkowski@email.com,User123#
ucmn-262146913,Lilian,Howell,lilian.howell@email.com,User123#
ucmn-262148260,Myrna,Ferry,myrna.ferry@email.com,User123#
ucmn-262147419,Tristin,Kuvalis,tristin.kuvalis@email.com,User123#
ucmn-262143529,Adolphus,Spencer,adolphus.spencer@email.com,User123#
ucmn-262149858,Neha,Labadie,neha.labadie@email.com,User123#
ucmn-262141409,Vicky,Thompson,vicky.thompson@email.com,User123#
ucmn-262146207,Clay,Murphy,clay.murphy@email.com,User123#
ucmn-262149903,Bonita,Pollich,bonita.pollich@email.com,User123#
ucmn-262140842,Kiley,Schmeler,kiley.schmeler@email.com,User123#
ucmn-262148687,Brice,Hartmann,brice.hartmann@email.com,User123#
ucmn-262145067,Vickie,Spencer,vickie.spencer@email.com,User123#
ucmn-262142367,Flossie,Quigley,flossie.quigley@email.com,User123#
ucmn-262146486,Katrina,Wiza,katrina.wiza@email.com,User123#
ucmn-262146900,Verona,Parisian,verona.parisian@email.com,User123#
ucmn-262146715,Roscoe,Labadie,roscoe.labadie@email.com,User123#
ucmn-262140109,Cordell,Gerlach,cordell.gerlach@email.com,User123#
ucmn-262144536,Colt,Russel,colt.russel@email.com,User123#
ucmn-262143097,Courtney,Homenick,courtney.homenick@email.com,User123#
ucmn-262149126,Ray,Weber,ray.weber@email.com,User123#
ucmn-262145661,Effie,Jones,effie.jones@email.com,User123#
ucmn-262147420,Vena,Runolfsdottir,vena.runolfsdottir@email.com,User123#
ucmn-262145456,Cristobal,Murray,cristobal.murray@email.com,User123#
ucmn-262146388,Elias,Nicolas,elias.nicolas@email.com,User123#
ucmn-262148492,Kaelyn,Ebert,kaelyn.ebert@email.com,User123#
ucmn-262141668,Shanon,Kessler,shanon.kessler@email.com,User123#
ucmn-262146284,Daniela,Torp,daniela.torp@email.com,User123#
ucmn-262148643,Zoe,Turcotte,zoe.turcotte@email.com,User123#
ucmn-262149208,Delphine,McGlynn,delphine.mcglynn@email.com,User123#
ucmn-262146808,Cade,Olson,cade.olson@email.com,User123#
ucmn-262144464,Isobel,Lockman,isobel.lockman@email.com,User123#
ucmn-262143702,Jack,Gottlieb,jack.gottlieb@email.com,User123#
ucmn-262149899,Chloe,Altenwerth,chloe.altenwerth@email.com,User123#
ucmn-262145019,Kathlyn,Connelly,kathlyn.connelly@email.com,User123#
ucmn-262141382,Milton,Roob,milton.roob@email.com,User123#
ucmn-262147110,Arlo,Jast,arlo.jast@email.com,User123#
ucmn-262141612,Francesco,Botsford,francesco.botsford@email.com,User123#
ucmn-262148644,Maryse,Paucek,maryse.paucek@email.com,User123#
ucmn-262147856,Carleton,Kertzmann,carleton.kertzmann@email.com,User123#
ucmn-262149709,Greyson,Dibbert,greyson.dibbert@email.com,User123#
ucmn-262149559,Kianna,Heaney,kianna.heaney@email.com,User123#
ucmn-262143655,Virgil,Kassulke,virgil.kassulke@email.com,User123#
ucmn-262141052,Esperanza,McLaughlin,esperanza.mclaughlin@email.com,User123#
ucmn-262140430,Horacio,Hauck,horacio.hauck@email.com,User123#
ucmn-262148794,Torrance,Quigley,torrance.quigley@email.com,User123#
ucmn-262149997,Dayton,Metz,dayton.metz@email.com,User123#
ucmn-262143893,Paris,Upton,paris.upton@email.com,User123#
ucmn-262143795,Davon,Stokes,davon.stokes@email.com,User123#
ucmn-262143021,Jaron,Spencer,jaron.spencer@email.com,User123#
ucmn-262147605,Erna,Williamson,erna.williamson@email.com,User123#
ucmn-262146135,Meggie,Leffler,meggie.leffler@email.com,User123#
ucmn-262143492,Ricky,Dickinson,ricky.dickinson@email.com,User123#
ucmn-262146031,Sylvester,Mertz,sylvester.mertz@email.com,User123#
ucmn-262144206,Kali,Pouros,kali.pouros@email.com,User123#
ucmn-262145098,Palma,Fahey,palma.fahey@email.com,User123#
ucmn-262149755,Guiseppe,Okuneva,guiseppe.okuneva@email.com,User123#
ucmn-262140761,Mathilde,Hudson,mathilde.hudson@email.com,User123#
ucmn-262143008,Wilson,Braun,wilson.braun@email.com,User123#
ucmn-262142578,Ismael,Zboncak,ismael.zboncak@email.com,User123#
ucmn-262146002,Walker,Blanda,walker.blanda@email.com,User123#
ucmn-262144241,Philip,Gorczany,philip.gorczany@email.com,User123#
ucmn-262143136,Madie,Eichmann,madie.eichmann@email.com,User123#
ucmn-262141197,Magdalena,McKenzie,magdalena.mckenzie@email.com,User123#
ucmn-262145238,Roel,Medhurst,roel.medhurst@email.com,User123#
ucmn-262144842,Citlalli,Wisoky,citlalli.wisoky@email.com,User123#
ucmn-262148524,Diana,Mills,diana.mills@email.com,User123#
ucmn-262146391,Deanna,Luettgen,deanna.luettgen@email.com,User123#
ucmn-262140483,Braden,Jaskolski,braden.jaskolski@email.com,User123#
ucmn-262147433,Porter,Satterfield,porter.satterfield@email.com,User123#
ucmn-262148800,Adalberto,Powlowski,adalberto.powlowski@email.com,User123#
ucmn-262141768,Ibrahim,Lemke,ibrahim.lemke@email.com,User123#
ucmn-262142163,Filomena,Schamberger,filomena.schamberger@email.com,User123#
ucmn-262141098,Larissa,Rohan,larissa.rohan@email.com,User123#
ucmn-262143753,Bert,Daniel,bert.daniel@email.com,User123#
ucmn-262144974,Cathryn,McCullough,cathryn.mccullough@email.com,User123#
ucmn-262141378,May,Cassin,may.cassin@email.com,User123#
ucmn-262146188,Pearlie,Nienow,pearlie.nienow@email.com,User123#
ucmn-262140390,Amalia,Collier,amalia.collier@email.com,User123#
ucmn-262140844,Casper,Turner,casper.turner@email.com,User123#
ucmn-262140597,Elvera,Cummerata,elvera.cummerata@email.com,User123#
ucmn-262144306,Hiram,Green,hiram.green@email.com,User123#
ucmn-262148592,Florencio,Daniel,florencio.daniel@email.com,User123#
ucmn-262140634,Jazmyne,Reynolds,jazmyne.reynolds@email.com,User123#
ucmn-262149234,Madelynn,Moore,madelynn.moore@email.com,User123#
ucmn-262142325,Maxine,Wolff,maxine.wolff@email.com,User123#
ucmn-262147766,Marley,Hilpert,marley.hilpert@email.com,User123#
ucmn-262140409,Keshawn,Boyer,keshawn.boyer@email.com,User123#
ucmn-262141543,Blaise,Rath,blaise.rath@email.com,User123#
ucmn-262142758,Lera,Abbott,lera.abbott@email.com,User123#
ucmn-262141411,Annie,Cartwright,annie.cartwright@email.com,User123#
ucmn-262145408,Carey,Rempel,carey.rempel@email.com,User123#
ucmn-262142092,Virginie,Weber,virginie.weber@email.com,User123#
ucmn-262142699,Queen,Jakubowski,queen.jakubowski@email.com,User123#
ucmn-262143214,Joana,Conroy,joana.conroy@email.com,User123#
ucmn-262140710,Patience,Schaefer,patience.schaefer@email.com,User123#
ucmn-262148052,Lenny,Konopelski,lenny.konopelski@email.com,User123#
ucmn-262145056,Geo,Braun,geo.braun@email.com,User123#
ucmn-262144560,Darian,Hintz,darian.hintz@email.com,User123#
ucmn-262145276,Pearlie,Dietrich,pearlie.dietrich@email.com,User123#
ucmn-262144939,Elias,Barrows,elias.barrows@email.com,User123#
ucmn-262145054,Johnny,Huel,johnny.huel@email.com,User123#
ucmn-262145871,Alexandra,Ullrich,alexandra.ullrich@email.com,User123#
ucmn-262142015,Zola,Balistreri,zola.balistreri@email.com,User123#
ucmn-262144359,Dustin,Lind,dustin.lind@email.com,User123#
ucmn-262140690,Ila,Bernier,ila.bernier@email.com,User123#
ucmn-262140848,Jeanie,Murphy,jeanie.murphy@email.com,User123#
ucmn-262146188,Theresa,Fritsch,theresa.fritsch@email.com,User123#
ucmn-262144599,Raina,Littel,raina.littel@email.com,User123#
ucmn-262148994,Lilly,Champlin,lilly.champlin@email.com,User123#
ucmn-262143893,Kayla,Gutkowski,kayla.gutkowski@email.com,User123#
ucmn-262141047,Dawn,Rau,dawn.rau@email.com,User123#
ucmn-262142711,Nicole,Wiza,nicole.wiza@email.com,User123#
ucmn-262147506,Gia,Waelchi,gia.waelchi@email.com,User123#
ucmn-262141689,Alicia,Ortiz,alicia.ortiz@email.com,User123#
ucmn-262141545,Gunner,Kassulke,gunner.kassulke@email.com,User123#
ucmn-262143601,Lula,Wunsch,lula.wunsch@email.com,User123#
ucmn-262146774,Heidi,Shanahan,heidi.shanahan@email.com,User123#
ucmn-262143147,Milford,Altenwerth,milford.altenwerth@email.com,User123#
ucmn-262145412,Olen,Stracke,olen.stracke@email.com,User123#
ucmn-262146638,Jena,Walter,jena.walter@email.com,User123#
ucmn-262145334,River,Boyer,river.boyer@email.com,User123#
ucmn-262141738,Adelle,Bosco,adelle.bosco@email.com,User123#
ucmn-262141870,Taurean,Herman,taurean.herman@email.com,User123#
ucmn-262147216,Clyde,Rowe,clyde.rowe@email.com,User123#
ucmn-262145800,Regan,Graham,regan.graham@email.com,User123#
ucmn-262144851,Shana,Murray,shana.murray@email.com,User123#
ucmn-262144175,Jo,McLaughlin,jo.mclaughlin@email.com,User123#
ucmn-262143550,Lucy,Christiansen,lucy.christiansen@email.com,User123#
ucmn-262147472,Wilson,Braun,wilson.braun@email.com,User123#
ucmn-262147756,Oral,Kassulke,oral.kassulke@email.com,User123#
ucmn-262143647,Brycen,Bins,brycen.bins@email.com,User123#
ucmn-262140218,Ardella,Emmerich,ardella.emmerich@email.com,User123#
ucmn-262144228,Jerrell,Kilback,jerrell.kilback@email.com,User123#
ucmn-262140399,Evert,Lehner,evert.lehner@email.com,User123#
ucmn-262148455,Cathryn,Shanahan,cathryn.shanahan@email.com,User123#
ucmn-262141043,Esteban,Haag,esteban.haag@email.com,User123#
ucmn-262148275,Chanel,Friesen,chanel.friesen@email.com,User123#
ucmn-262148233,Lessie,O'Reilly,lessie.o'reilly@email.com,User123#
ucmn-262146972,Eve,Feil,eve.feil@email.com,User123#
ucmn-262142914,Mozell,Kreiger,mozell.kreiger@email.com,User123#
ucmn-262146198,Jovani,Hermiston,jovani.hermiston@email.com,User123#
ucmn-262145945,Kristina,Grimes,kristina.grimes@email.com,User123#
ucmn-262142263,Mack,Satterfield,mack.satterfield@email.com,User123#
ucmn-262146031,Clifton,Lubowitz,clifton.lubowitz@email.com,User123#
ucmn-262146227,Laron,Lemke,laron.lemke@email.com,User123#
ucmn-262146868,Helen,Kuhn,helen.kuhn@email.com,User123#
ucmn-262147120,Aaron,Gottlieb,aaron.gottlieb@email.com,User123#
ucmn-262143954,Tiana,Wisoky,tiana.wisoky@email.com,User123#
ucmn-262144637,Forest,Durgan,forest.durgan@email.com,User123#
ucmn-262149058,Caleb,Emard,caleb.emard@email.com,User123#
ucmn-262141821,Floyd,McLaughlin,floyd.mclaughlin@email.com,User123#
ucmn-262148664,Rachelle,Bosco,rachelle.bosco@email.com,User123#
ucmn-262149999,Evelyn,Jaskolski,evelyn.jaskolski@email.com,User123#
ucmn-262145044,Sadye,McClure,sadye.mcclure@email.com,User123#
ucmn-262149040,Van,Daugherty,van.daugherty@email.com,User123#
ucmn-262146644,Alvah,Fadel,alvah.fadel@email.com,User123#
ucmn-262148301,Garrett,Farrell,garrett.farrell@email.com,User123#
ucmn-262144662,Jada,Bailey,jada.bailey@email.com,User123#
ucmn-262140742,Sierra,Reynolds,sierra.reynolds@email.com,User123#
ucmn-262140951,Domenic,Nitzsche,domenic.nitzsche@email.com,User123#
ucmn-262149459,Reginald,Nienow,reginald.nienow@email.com,User123#
ucmn-262142966,Corine,Krajcik,corine.krajcik@email.com,User123#
ucmn-262141440,Lucio,Reinger,lucio.reinger@email.com,User123#
ucmn-262143879,Melvina,Schumm,melvina.schumm@email.com,User123#
ucmn-262143431,Neal,Purdy,neal.purdy@email.com,User123#
ucmn-262148475,Alana,Hagenes,alana.hagenes@email.com,User123#
ucmn-262142463,Lea,Hermiston,lea.hermiston@email.com,User123#
ucmn-262147871,Waylon,Moen,waylon.moen@email.com,User123#
ucmn-262140844,Percy,Gleason,percy.gleason@email.com,User123#
ucmn-262140686,Keith,White,keith.white@email.com,User123#
ucmn-262147970,Ayla,Weber,ayla.weber@email.com,User123#
ucmn-262141002,Narciso,Stehr,narciso.stehr@email.com,User123#
ucmn-262142093,Crawford,Schuppe,crawford.schuppe@email.com,User123#
ucmn-262148279,Eladio,Moore,eladio.moore@email.com,User123#
ucmn-262145086,Jarrett,Runolfsson,jarrett.runolfsson@email.com,User123#
ucmn-262141626,Otis,Feest,otis.feest@email.com,User123#
ucmn-262145761,Barney,Hansen,barney.hansen@email.com,User123#
ucmn-262147383,Brionna,Abbott,brionna.abbott@email.com,User123#
ucmn-262146392,Renee,Baumbach,renee.baumbach@email.com,User123#
ucmn-262141438,Julius,Parisian,julius.parisian@email.com,User123#
ucmn-262144498,Ola,Feeney,ola.feeney@email.com,User123#
ucmn-262145617,Xzavier,Torphy,xzavier.torphy@email.com,User123#
ucmn-262143764,Mikel,Wolff,mikel.wolff@email.com,User123#
ucmn-262142317,Archibald,Lang,archibald.lang@email.com,User123#
ucmn-262140167,Bud,Kerluke,bud.kerluke@email.com,User123#
ucmn-262144295,Daphnee,Reilly,daphnee.reilly@email.com,User123#
ucmn-262147618,Sallie,Collins,sallie.collins@email.com,User123#
ucmn-262143437,Warren,Schmidt,warren.schmidt@email.com,User123#
ucmn-262142052,Eliza,Cassin,eliza.cassin@email.com,User123#
ucmn-262149186,Gail,Smitham,gail.smitham@email.com,User123#
ucmn-262143901,Prince,O'Hara,prince.o'hara@email.com,User123#
ucmn-262140104,Edythe,Deckow,edythe.deckow@email.com,User123#
ucmn-262141053,Angel,Littel,angel.littel@email.com,User123#
ucmn-262144106,Fredy,Smitham,fredy.smitham@email.com,User123#
ucmn-262148646,Kira,Lesch,kira.lesch@email.com,User123#
ucmn-262148507,Yolanda,Barton,yolanda.barton@email.com,User123#
ucmn-262146031,Dangelo,Parker,dangelo.parker@email.com,User123#
ucmn-262149837,Tracey,Dach,tracey.dach@email.com,User123#
ucmn-262141246,Casandra,Howell,casandra.howell@email.com,User123#
ucmn-262149443,Brisa,Maggio,brisa.maggio@email.com,User123#
ucmn-262147986,Queen,Emmerich,queen.emmerich@email.com,User123#
ucmn-262149994,Cydney,Schneider,cydney.schneider@email.com,User123#
ucmn-262141230,Dustin,Stiedemann,dustin.stiedemann@email.com,User123#
ucmn-262140659,Oleta,Mosciski,oleta.mosciski@email.com,User123#
ucmn-262148063,Kelley,Upton,kelley.upton@email.com,User123#
ucmn-262140570,Emanuel,Hintz,emanuel.hintz@email.com,User123#
ucmn-262144586,Davin,Glover,davin.glover@email.com,User123#
ucmn-262145118,Bianka,Ryan,bianka.ryan@email.com,User123#
ucmn-262140410,Arlie,Schimmel,arlie.schimmel@email.com,User123#
ucmn-262141182,Irma,Wolff,irma.wolff@email.com,User123#
ucmn-262148276,Issac,Funk,issac.funk@email.com,User123#
ucmn-262141332,Jaylon,Kohler,jaylon.kohler@email.com,User123#
ucmn-262147028,Brandy,Lehner,brandy.lehner@email.com,User123#
ucmn-262146920,Elliott,Wolff,elliott.wolff@email.com,User123#
ucmn-262145636,Maria,Rohan,maria.rohan@email.com,User123#
ucmn-262144015,Augusta,Pfeffer,augusta.pfeffer@email.com,User123#
ucmn-262144064,Luisa,Stanton,luisa.stanton@email.com,User123#
ucmn-262142488,Alessia,Fadel,alessia.fadel@email.com,User123#
ucmn-262142925,Valerie,Moen,valerie.moen@email.com,User123#
ucmn-262147583,Kay,Cremin,kay.cremin@email.com,User123#
ucmn-262146313,Gaston,Gleichner,gaston.gleichner@email.com,User123#
ucmn-262146006,Jerry,Johnston,jerry.johnston@email.com,User123#
ucmn-262141522,Oscar,Jaskolski,oscar.jaskolski@email.com,User123#
ucmn-262140440,Liliane,Goyette,liliane.goyette@email.com,User123#
ucmn-262149573,Wilton,Bernier,wilton.bernier@email.com,User123#
ucmn-262146053,Willy,Metz,willy.metz@email.com,User123#
ucmn-262146267,Ewell,Trantow,ewell.trantow@email.com,User123#
ucmn-262147869,Brown,Macejkovic,brown.macejkovic@email.com,User123#
ucmn-262148175,Myrl,Schoen,myrl.schoen@email.com,User123#
ucmn-262144703,Dakota,Robel,dakota.robel@email.com,User123#
ucmn-262145345,German,Hansen,german.hansen@email.com,User123#
ucmn-262144871,Holden,Fadel,holden.fadel@email.com,User123#
ucmn-262148451,Judge,Kris,judge.kris@email.com,User123#
ucmn-262141077,Antone,Ernser,antone.ernser@email.com,User123#
ucmn-262148457,Christina,Hermann,christina.hermann@email.com,User123#
ucmn-262140644,Coleman,Smith,coleman.smith@email.com,User123#
ucmn-262149854,Jeanne,Armstrong,jeanne.armstrong@email.com,User123#
ucmn-262145956,Ava,Johns,ava.johns@email.com,User123#
ucmn-262141402,Meghan,Cassin,meghan.cassin@email.com,User123#
ucmn-262143852,Javier,Yundt,javier.yundt@email.com,User123#
ucmn-262142886,Kody,Braun,kody.braun@email.com,User123#
ucmn-262149625,Bert,Bechtelar,bert.bechtelar@email.com,User123#
ucmn-262145628,Beulah,Heathcote,beulah.heathcote@email.com,User123#
ucmn-262140363,Wyatt,Kub,wyatt.kub@email.com,User123#
ucmn-262146562,Arnold,Cole,arnold.cole@email.com,User123#
ucmn-262147509,Blanche,Wyman,blanche.wyman@email.com,User123#
ucmn-262145473,Santos,Kling,santos.kling@email.com,User123#
ucmn-262143885,Sanford,Little,sanford.little@email.com,User123#
ucmn-262148504,Isaias,Mayert,isaias.mayert@email.com,User123#
ucmn-262143845,Noe,Schaefer,noe.schaefer@email.com,User123#
ucmn-262140926,Ariel,Swift,ariel.swift@email.com,User123#
ucmn-262148403,Myrtis,Ondricka,myrtis.ondricka@email.com,User123#
ucmn-262143840,Onie,Haley,onie.haley@email.com,User123#
ucmn-262148918,Harry,Monahan,harry.monahan@email.com,User123#
ucmn-262148424,Samara,Fritsch,samara.fritsch@email.com,User123#
ucmn-262143567,Ayla,Lueilwitz,ayla.lueilwitz@email.com,User123#
ucmn-262147740,Sheldon,Nikolaus,sheldon.nikolaus@email.com,User123#
ucmn-262147096,Deondre,Kautzer,deondre.kautzer@email.com,User123#
ucmn-262149457,Fabiola,Dare,fabiola.dare@email.com,User123#
ucmn-262143317,Adella,Nolan,adella.nolan@email.com,User123#
ucmn-262149423,Margarete,Kulas,margarete.kulas@email.com,User123#
ucmn-262141407,Elva,Kub,elva.kub@email.com,User123#
ucmn-262141868,Shawna,Abbott,shawna.abbott@email.com,User123#
ucmn-262142754,Rod,Koss,rod.koss@email.com,User123#
ucmn-262143010,Tia,Casper,tia.casper@email.com,User123#
ucmn-262140718,Rogers,Mann,rogers.mann@email.com,User123#
ucmn-262141141,Rashad,Douglas,rashad.douglas@email.com,User123#
ucmn-262141726,Deshaun,Upton,deshaun.upton@email.com,User123#
ucmn-262147980,Manuela,Lemke,manuela.lemke@email.com,User123#
ucmn-262142855,Mark,Harber,mark.harber@email.com,User123#
ucmn-262142256,Mikel,Raynor,mikel.raynor@email.com,User123#
ucmn-262146053,Maximo,Beatty,maximo.beatty@email.com,User123#
ucmn-262146577,Donny,Braun,donny.braun@email.com,User123#
ucmn-262147528,Cary,Kuvalis,cary.kuvalis@email.com,User123#
ucmn-262142790,Lexie,Littel,lexie.littel@email.com,User123#
ucmn-262142276,Chandler,Simonis,chandler.simonis@email.com,User123#
ucmn-262141328,Myles,O'Hara,myles.o'hara@email.com,User123#
ucmn-262141293,Mazie,Miller,mazie.miller@email.com,User123#
ucmn-262142677,Zion,Kunze,zion.kunze@email.com,User123#
ucmn-262146750,Samson,Murray,samson.murray@email.com,User123#
ucmn-262145198,Madisyn,Crona,madisyn.crona@email.com,User123#
ucmn-262143599,Keven,Hilll,keven.hilll@email.com,User123#
ucmn-262144402,Baby,Stanton,baby.stanton@email.com,User123#
ucmn-262148045,Elisabeth,Orn,elisabeth.orn@email.com,User123#
ucmn-262148956,Georgiana,Larkin,georgiana.larkin@email.com,User123#
ucmn-262149534,Isobel,Wuckert,isobel.wuckert@email.com,User123#
ucmn-262146721,Josue,Rath,josue.rath@email.com,User123#
ucmn-262141428,Ignatius,Hansen,ignatius.hansen@email.com,User123#
ucmn-262148696,Ansley,Wuckert,ansley.wuckert@email.com,User123#
ucmn-262142895,Leopold,Orn,leopold.orn@email.com,User123#
ucmn-262142036,Kelsie,Anderson,kelsie.anderson@email.com,User123#
ucmn-262144301,Johnathan,Jenkins,johnathan.jenkins@email.com,User123#
ucmn-262141843,Kendall,Morar,kendall.morar@email.com,User123#
ucmn-262141901,Joanne,Bahringer,joanne.bahringer@email.com,User123#
ucmn-262149588,Abel,Kohler,abel.kohler@email.com,User123#
ucmn-262140125,Robert,Langosh,robert.langosh@email.com,User123#
ucmn-262140854,Tavares,Heaney,tavares.heaney@email.com,User123#
ucmn-262141321,Liam,Runte,liam.runte@email.com,User123#
ucmn-262147082,Cordia,Brekke,cordia.brekke@email.com,User123#
ucmn-262146815,Freddie,Stehr,freddie.stehr@email.com,User123#
ucmn-262143241,Dangelo,Rippin,dangelo.rippin@email.com,User123#
ucmn-262141895,Carroll,Hand,carroll.hand@email.com,User123#
ucmn-262149620,Kaci,Donnelly,kaci.donnelly@email.com,User123#
ucmn-262142645,Toni,Gerhold,toni.gerhold@email.com,User123#
ucmn-262142331,Mia,Wilkinson,mia.wilkinson@email.com,User123#
ucmn-262146387,Newton,Schamberger,newton.schamberger@email.com,User123#
ucmn-262146870,Dante,Reynolds,dante.reynolds@email.com,User123#
ucmn-262142790,Elinore,Wyman,elinore.wyman@email.com,User123#
ucmn-262147444,Sheila,Little,sheila.little@email.com,User123#
ucmn-262146560,Clifton,Reynolds,clifton.reynolds@email.com,User123#
ucmn-262147182,Carmelo,Adams,carmelo.adams@email.com,User123#
ucmn-262140393,Kamron,Hagenes,kamron.hagenes@email.com,User123#
ucmn-262140585,Candido,Pfeffer,candido.pfeffer@email.com,User123#
ucmn-262143766,Lou,Farrell,lou.farrell@email.com,User123#
ucmn-262149177,Delaney,Hermann,delaney.hermann@email.com,User123#
ucmn-262149819,Lottie,Nolan,lottie.nolan@email.com,User123#
ucmn-262146610,Cristopher,Towne,cristopher.towne@email.com,User123#
ucmn-262143218,Columbus,Jenkins,columbus.jenkins@email.com,User123#
ucmn-262147215,Roxane,Hane,roxane.hane@email.com,User123#
ucmn-262148480,Melissa,Schultz,melissa.schultz@email.com,User123#
ucmn-262147021,Maribel,Bartoletti,maribel.bartoletti@email.com,User123#
ucmn-262149183,Giovani,Miller,giovani.miller@email.com,User123#
ucmn-262140428,Kiley,Dooley,kiley.dooley@email.com,User123#
ucmn-262148320,Sage,Kirlin,sage.kirlin@email.com,User123#
ucmn-262147775,Osvaldo,Schmeler,osvaldo.schmeler@email.com,User123#
ucmn-262149348,Justen,Effertz,justen.effertz@email.com,User123#
ucmn-262140214,Dessie,Kautzer,dessie.kautzer@email.com,User123#
ucmn-262141393,Denis,Kulas,denis.kulas@email.com,User123#
ucmn-262143127,Einar,Simonis,einar.simonis@email.com,User123#
ucmn-262143991,Craig,Krajcik,craig.krajcik@email.com,User123#
ucmn-262144212,Manley,Barrows,manley.barrows@email.com,User123#
ucmn-262141374,Delores,Murazik,delores.murazik@email.com,User123#
ucmn-262149071,Adela,Tremblay,adela.tremblay@email.com,User123#
ucmn-262141074,Riley,Torphy,riley.torphy@email.com,User123#
ucmn-262142896,Albert,Hintz,albert.hintz@email.com,User123#
ucmn-262146284,Brain,Marquardt,brain.marquardt@email.com,User123#
ucmn-262149401,Modesta,Auer,modesta.auer@email.com,User123#
ucmn-262141360,Demetrius,Kertzmann,demetrius.kertzmann@email.com,User123#
ucmn-262146133,Anthony,O'Reilly,anthony.o'reilly@email.com,User123#
ucmn-262140121,Aurore,Okuneva,aurore.okuneva@email.com,User123#
ucmn-262143765,Althea,Goodwin,althea.goodwin@email.com,User123#
ucmn-262146818,Salvatore,Bashirian,salvatore.bashirian@email.com,User123#
ucmn-262143448,Cordelia,Quitzon,cordelia.quitzon@email.com,User123#
ucmn-262140172,Nels,Kozey,nels.kozey@email.com,User123#
ucmn-262144818,Ellis,Halvorson,ellis.halvorson@email.com,User123#
ucmn-262147812,Martine,O'Reilly,martine.o'reilly@email.com,User123#
ucmn-262142074,Raleigh,Armstrong,raleigh.armstrong@email.com,User123#
ucmn-262148274,Alessandra,Glover,alessandra.glover@email.com,User123#
ucmn-262142027,Lamar,Fay,lamar.fay@email.com,User123#
ucmn-262146213,Mafalda,Walsh,mafalda.walsh@email.com,User123#
ucmn-262140486,Ayla,Koss,ayla.koss@email.com,User123#
ucmn-262147775,Sydnee,Dickinson,sydnee.dickinson@email.com,User123#
ucmn-262142090,Taurean,Kautzer,taurean.kautzer@email.com,User123#
ucmn-262149578,Lenora,Nolan,lenora.nolan@email.com,User123#
ucmn-262149899,Gage,Stamm,gage.stamm@email.com,User123#
ucmn-262145325,Trey,Corkery,trey.corkery@email.com,User123#
ucmn-262145071,Tomasa,Hackett,tomasa.hackett@email.com,User123#
ucmn-262149493,Osbaldo,Swift,osbaldo.swift@email.com,User123#
ucmn-262143638,Kellie,Mertz,kellie.mertz@email.com,User123#
ucmn-262143501,Tatum,Mertz,tatum.mertz@email.com,User123#
ucmn-262142964,Nina,Ward,nina.ward@email.com,User123#
ucmn-262142141,Bernita,Klein,bernita.klein@email.com,User123#
ucmn-262148619,Antonia,Hegmann,antonia.hegmann@email.com,User123#
ucmn-262141430,Milton,Monahan,milton.monahan@email.com,User123#
ucmn-262142972,Lolita,Boyer,lolita.boyer@email.com,User123#
ucmn-262146374,Annabell,Cassin,annabell.cassin@email.com,User123#
ucmn-262147613,Jessie,Zemlak,jessie.zemlak@email.com,User123#
ucmn-262142250,Jesse,Kub,jesse.kub@email.com,User123#
ucmn-262140542,Haylie,Huel,haylie.huel@email.com,User123#
ucmn-262149743,Freida,Lowe,freida.lowe@email.com,User123#
ucmn-262149304,Evert,Doyle,evert.doyle@email.com,User123#
ucmn-262149446,Stephanie,Lynch,stephanie.lynch@email.com,User123#
ucmn-262142245,Sierra,Heidenreich,sierra.heidenreich@email.com,User123#
ucmn-262143611,Marie,Carter,marie.carter@email.com,User123#
ucmn-262148144,Zula,Labadie,zula.labadie@email.com,User123#
ucmn-262145142,Marietta,Crist,marietta.crist@email.com,User123#
ucmn-262149034,Billie,Terry,billie.terry@email.com,User123#
ucmn-262141452,Heather,Hettinger,heather.hettinger@email.com,User123#
ucmn-262141853,Celestine,Thiel,celestine.thiel@email.com,User123#
ucmn-262143566,Tyree,Nicolas,tyree.nicolas@email.com,User123#
ucmn-262140097,Yasmine,Wyman,yasmine.wyman@email.com,User123#
ucmn-262143265,Brock,Macejkovic,brock.macejkovic@email.com,User123#
ucmn-262149710,Jazlyn,Kiehn,jazlyn.kiehn@email.com,User123#
ucmn-262145326,Destinee,Hirthe,destinee.hirthe@email.com,User123#
ucmn-262146884,Loyal,Bradtke,loyal.bradtke@email.com,User123#
ucmn-262140106,Ellsworth,Cruickshank,ellsworth.cruickshank@email.com,User123#
ucmn-262142035,Jedidiah,Schroeder,jedidiah.schroeder@email.com,User123#
ucmn-262140955,Quincy,Mohr,quincy.mohr@email.com,User123#
ucmn-262149752,Timmy,Cummings,timmy.cummings@email.com,User123#
ucmn-262141775,Amir,McLaughlin,amir.mclaughlin@email.com,User123#
ucmn-262148544,Ines,Conn,ines.conn@email.com,User123#
ucmn-262143784,Bill,Buckridge,bill.buckridge@email.com,User123#
ucmn-262149398,Gino,Kub,gino.kub@email.com,User123#
ucmn-262141704,Rossie,White,rossie.white@email.com,User123#
ucmn-262148308,Garfield,Feest,garfield.feest@email.com,User123#
ucmn-262145794,Rocky,Abshire,rocky.abshire@email.com,User123#
ucmn-262147923,Cristal,Osinski,cristal.osinski@email.com,User123#
ucmn-262142159,Makayla,Ruecker,makayla.ruecker@email.com,User123#
ucmn-262144264,Ryder,Mills,ryder.mills@email.com,User123#
ucmn-262144765,Lenny,Stoltenberg,lenny.stoltenberg@email.com,User123#
ucmn-262147371,Billy,Littel,billy.littel@email.com,User123#
ucmn-262148582,Katelyn,Batz,katelyn.batz@email.com,User123#
ucmn-262142678,Angelica,Glover,angelica.glover@email.com,User123#
ucmn-262141062,Erika,Heller,erika.heller@email.com,User123#
ucmn-262148740,Tressie,Brown,tressie.brown@email.com,User123#
ucmn-262142376,Berenice,Sporer,berenice.sporer@email.com,User123#
ucmn-262147108,Emmanuelle,Heaney,emmanuelle.heaney@email.com,User123#
ucmn-262147226,Brittany,Bernhard,brittany.bernhard@email.com,User123#
ucmn-262147998,Kenton,Auer,kenton.auer@email.com,User123#
ucmn-262141575,Mittie,Rohan,mittie.rohan@email.com,User123#
ucmn-262147616,Isidro,Hane,isidro.hane@email.com,User123#
ucmn-262145840,Rudolph,Mertz,rudolph.mertz@email.com,User123#
ucmn-262141617,Gage,Wuckert,gage.wuckert@email.com,User123#
ucmn-262141864,Kendrick,Roob,kendrick.roob@email.com,User123#
ucmn-262147134,Carlee,Reilly,carlee.reilly@email.com,User123#
ucmn-262147489,Art,Schimmel,art.schimmel@email.com,User123#
ucmn-262148984,Brandon,Stroman,brandon.stroman@email.com,User123#
ucmn-262141032,Brittany,Smitham,brittany.smitham@email.com,User123#
ucmn-262144786,Jamey,Weimann,jamey.weimann@email.com,User123#
ucmn-262144589,Brandt,Ryan,brandt.ryan@email.com,User123#
ucmn-262146670,Marisol,Rolfson,marisol.rolfson@email.com,User123#
ucmn-262141307,Jamir,Kerluke,jamir.kerluke@email.com,User123#
ucmn-262149876,Wyatt,Block,wyatt.block@email.com,User123#
ucmn-262149398,Jammie,Bernhard,jammie.bernhard@email.com,User123#
ucmn-262141251,Octavia,McCullough,octavia.mccullough@email.com,User123#
ucmn-262141211,Emory,Ryan,emory.ryan@email.com,User123#
ucmn-262140655,Gust,Kutch,gust.kutch@email.com,User123#
ucmn-262146813,Ocie,Lubowitz,ocie.lubowitz@email.com,User123#
ucmn-262144722,Lizeth,Littel,lizeth.littel@email.com,User123#
ucmn-262143502,Sofia,Bergstrom,sofia.bergstrom@email.com,User123#
ucmn-262142423,Jordy,Turner,jordy.turner@email.com,User123#
ucmn-262145650,Jody,Bartell,jody.bartell@email.com,User123#
ucmn-262142562,Lurline,Breitenberg,lurline.breitenberg@email.com,User123#
ucmn-262140606,Ryder,Brown,ryder.brown@email.com,User123#
ucmn-262143767,Louisa,Harber,louisa.harber@email.com,User123#
ucmn-262147804,Antonette,Hartmann,antonette.hartmann@email.com,User123#
ucmn-262142837,Tillman,Kassulke,tillman.kassulke@email.com,User123#
ucmn-262145293,Johan,Strosin,johan.strosin@email.com,User123#
ucmn-262146214,Darion,Blanda,darion.blanda@email.com,User123#
ucmn-262149218,Norberto,Langworth,norberto.langworth@email.com,User123#
ucmn-262141900,Kailee,Stehr,kailee.stehr@email.com,User123#
ucmn-262146019,Christy,Wuckert,christy.wuckert@email.com,User123#
ucmn-262147634,Mavis,Batz,mavis.batz@email.com,User123#
ucmn-262140015,Vivianne,Bruen,vivianne.bruen@email.com,User123#
ucmn-262148584,Verna,Lindgren,verna.lindgren@email.com,User123#
ucmn-262144263,Jailyn,Walsh,jailyn.walsh@email.com,User123#
ucmn-262146464,Margarett,Sauer,margarett.sauer@email.com,User123#
ucmn-262140572,Tyra,Feest,tyra.feest@email.com,User123#
ucmn-262142904,Elwyn,Sipes,elwyn.sipes@email.com,User123#
ucmn-262140952,Karianne,Wyman,karianne.wyman@email.com,User123#
ucmn-262140462,Delfina,Robel,delfina.robel@email.com,User123#
ucmn-262140638,Laverne,Spencer,laverne.spencer@email.com,User123#
ucmn-262143652,Paris,Herman,paris.herman@email.com,User123#
ucmn-262148266,Rhea,Luettgen,rhea.luettgen@email.com,User123#
ucmn-262148794,Roxane,Nicolas,roxane.nicolas@email.com,User123#
ucmn-262140230,Elinor,Schultz,elinor.schultz@email.com,User123#
ucmn-262142878,Arvel,Schmidt,arvel.schmidt@email.com,User123#
ucmn-262143386,Evert,Kohler,evert.kohler@email.com,User123#
ucmn-262146680,Hanna,D'Amore,hanna.d'amore@email.com,User123#
ucmn-262148873,Golda,Lubowitz,golda.lubowitz@email.com,User123#
ucmn-262149512,Ike,Huel,ike.huel@email.com,User123#
ucmn-262146264,Chester,Borer,chester.borer@email.com,User123#
ucmn-262144440,Missouri,Metz,missouri.metz@email.com,User123#
ucmn-262145277,Myrl,Murray,myrl.murray@email.com,User123#
ucmn-262140841,Keegan,Kling,keegan.kling@email.com,User123#
ucmn-262141481,Carlo,Paucek,carlo.paucek@email.com,User123#
ucmn-262145341,Wendy,O'Connell,wendy.o'connell@email.com,User123#
ucmn-262141442,Frederique,Wintheiser,frederique.wintheiser@email.com,User123#
ucmn-262140703,Terrance,Corkery,terrance.corkery@email.com,User123#
ucmn-262146194,Shad,Cormier,shad.cormier@email.com,User123#
ucmn-262146863,Kathryne,Fadel,kathryne.fadel@email.com,User123#
ucmn-262141509,Solon,Wisozk,solon.wisozk@email.com,User123#
ucmn-262143714,Josianne,Barton,josianne.barton@email.com,User123#
ucmn-262145709,Tyrell,Koelpin,tyrell.koelpin@email.com,User123#
ucmn-262148051,Peyton,Abshire,peyton.abshire@email.com,User123#
ucmn-262148890,Brenden,Mayert,brenden.mayert@email.com,User123#
ucmn-262145491,Susana,Rodriguez,susana.rodriguez@email.com,User123#
ucmn-262149370,Lorine,McDermott,lorine.mcdermott@email.com,User123#
ucmn-262140719,Gavin,Kovacek,gavin.kovacek@email.com,User123#
ucmn-262141279,Mario,Kautzer,mario.kautzer@email.com,User123#
ucmn-262146276,Estell,Weber,estell.weber@email.com,User123#
ucmn-262149610,Terrence,Schinner,terrence.schinner@email.com,User123#
ucmn-262149024,Ernesto,Hartmann,ernesto.hartmann@email.com,User123#
ucmn-262149443,Maybelle,Franecki,maybelle.franecki@email.com,User123#
ucmn-262140785,Jillian,Becker,jillian.becker@email.com,User123#
ucmn-262145758,Leonel,Kuhic,leonel.kuhic@email.com,User123#
ucmn-262143865,Clarabelle,Hauck,clarabelle.hauck@email.com,User123#
ucmn-262145662,Della,Fadel,della.fadel@email.com,User123#
ucmn-262149258,Jordane,Waelchi,jordane.waelchi@email.com,User123#
ucmn-262148410,Abigayle,Armstrong,abigayle.armstrong@email.com,User123#
ucmn-262149179,Florian,Ryan,florian.ryan@email.com,User123#
ucmn-262141520,Leonora,Carter,leonora.carter@email.com,User123#
ucmn-262142650,Brendon,Hauck,brendon.hauck@email.com,User123#
ucmn-262148929,Nya,Waters,nya.waters@email.com,User123#
ucmn-262143341,Addie,Corwin,addie.corwin@email.com,User123#
ucmn-262146274,Colleen,King,colleen.king@email.com,User123#
ucmn-262141201,Mathias,Robel,mathias.robel@email.com,User123#
ucmn-262145258,Nedra,Auer,nedra.auer@email.com,User123#
ucmn-262140462,Tyson,Larson,tyson.larson@email.com,User123#
ucmn-262149816,Deshaun,Schimmel,deshaun.schimmel@email.com,User123#
ucmn-262146115,Theodore,Quitzon,theodore.quitzon@email.com,User123#
ucmn-262140025,Judd,Moen,judd.moen@email.com,User123#
ucmn-262143118,Athena,Parker,athena.parker@email.com,User123#
ucmn-262140842,Tommie,Johns,tommie.johns@email.com,User123#
ucmn-262140170,Lucinda,Weber,lucinda.weber@email.com,User123#
ucmn-262146585,Angus,Becker,angus.becker@email.com,User123#
ucmn-262145848,Kiley,Schumm,kiley.schumm@email.com,User123#
ucmn-262149035,Archibald,Buckridge,archibald.buckridge@email.com,User123#
ucmn-262145309,Liam,Abbott,liam.abbott@email.com,User123#
ucmn-262140380,Luther,Cruickshank,luther.cruickshank@email.com,User123#
ucmn-262141420,Phyllis,Wuckert,phyllis.wuckert@email.com,User123#
ucmn-262148717,Emely,Lesch,emely.lesch@email.com,User123#
ucmn-262149334,Sienna,Emmerich,sienna.emmerich@email.com,User123#
ucmn-262148232,Jazmyn,Krajcik,jazmyn.krajcik@email.com,User123#
ucmn-262147469,Marco,Beatty,marco.beatty@email.com,User123#
ucmn-262149329,Mckayla,Schmeler,mckayla.schmeler@email.com,User123#
ucmn-262144779,Rosie,Gerlach,rosie.gerlach@email.com,User123#
ucmn-262149641,Jordan,Crist,jordan.crist@email.com,User123#
ucmn-262143076,Maymie,Miller,maymie.miller@email.com,User123#
ucmn-262144539,Jadon,Dooley,jadon.dooley@email.com,User123#
ucmn-262148284,Moises,Greenfelder,moises.greenfelder@email.com,User123#
ucmn-262144567,Bernita,Hudson,bernita.hudson@email.com,User123#
ucmn-262141257,Fausto,Kub,fausto.kub@email.com,User123#
ucmn-262145841,Marty,Marvin,marty.marvin@email.com,User123#
ucmn-262143844,Philip,Ruecker,philip.ruecker@email.com,User123#
ucmn-262144254,Melany,Jacobs,melany.jacobs@email.com,User123#
ucmn-262143534,Ron,Fisher,ron.fisher@email.com,User123#
ucmn-262140505,Perry,MacGyver,perry.macgyver@email.com,User123#
ucmn-262147540,Emmett,Johnson,emmett.johnson@email.com,User123#
ucmn-262146097,Toy,Upton,toy.upton@email.com,User123#
ucmn-262147792,Kiarra,Fisher,kiarra.fisher@email.com,User123#
ucmn-262145642,Harry,Morar,harry.morar@email.com,User123#
ucmn-262142218,Jessika,Fadel,jessika.fadel@email.com,User123#
ucmn-262140734,Timmy,Jones,timmy.jones@email.com,User123#
ucmn-262141732,Ervin,Von,ervin.von@email.com,User123#
ucmn-262145089,Felicia,Lakin,felicia.lakin@email.com,User123#
ucmn-262143081,Andreane,Bartell,andreane.bartell@email.com,User123#
ucmn-262147586,Ted,Gleichner,ted.gleichner@email.com,User123#
ucmn-262142363,Alyson,Goodwin,alyson.goodwin@email.com,User123#
ucmn-262143411,Keyshawn,Hermiston,keyshawn.hermiston@email.com,User123#
ucmn-262144932,Destiny,Cruickshank,destiny.cruickshank@email.com,User123#
ucmn-262146613,Mertie,Dare,mertie.dare@email.com,User123#
ucmn-262146063,Cecil,Smith,cecil.smith@email.com,User123#
ucmn-262141691,Colten,Russel,colten.russel@email.com,User123#
ucmn-262143140,Santa,Fritsch,santa.fritsch@email.com,User123#
ucmn-262141636,Haleigh,Price,haleigh.price@email.com,User123#
ucmn-262148011,Sterling,Cremin,sterling.cremin@email.com,User123#
ucmn-262141033,Dewitt,Emard,dewitt.emard@email.com,User123#
ucmn-262141009,Luisa,O'Keefe,luisa.o'keefe@email.com,User123#
ucmn-262146660,Brielle,Graham,brielle.graham@email.com,User123#
ucmn-262146359,Clementine,Ward,clementine.ward@email.com,User123#
ucmn-262140073,Salvador,Wilderman,salvador.wilderman@email.com,User123#
ucmn-262141067,Bertram,Nienow,bertram.nienow@email.com,User123#
ucmn-262144133,Hugh,Gutkowski,hugh.gutkowski@email.com,User123#
ucmn-262144168,Kendall,Reichel,kendall.reichel@email.com,User123#
ucmn-262145589,Nyasia,Nikolaus,nyasia.nikolaus@email.com,User123#
ucmn-262141357,Lisette,Deckow,lisette.deckow@email.com,User123#
ucmn-262143124,Mario,Boyer,mario.boyer@email.com,User123#
ucmn-262149087,Rowena,Satterfield,rowena.satterfield@email.com,User123#
ucmn-262140959,Emmy,Cremin,emmy.cremin@email.com,User123#
ucmn-262147584,Noelia,Conroy,noelia.conroy@email.com,User123#
ucmn-262143166,Gerda,Goldner,gerda.goldner@email.com,User123#
ucmn-262146131,Cindy,Conroy,cindy.conroy@email.com,User123#
ucmn-262143545,Veronica,Gerhold,veronica.gerhold@email.com,User123#
ucmn-262145524,Guillermo,Rutherford,guillermo.rutherford@email.com,User123#
ucmn-262143125,Maynard,Jacobs,maynard.jacobs@email.com,User123#
ucmn-262149964,Trycia,Turcotte,trycia.turcotte@email.com,User123#
ucmn-262142375,Elbert,Blanda,elbert.blanda@email.com,User123#
ucmn-262149928,Estefania,Erdman,estefania.erdman@email.com,User123#
ucmn-262142533,Devan,Schuster,devan.schuster@email.com,User123#
ucmn-262144672,Aryanna,Hartmann,aryanna.hartmann@email.com,User123#
ucmn-262146725,Jordy,Blanda,jordy.blanda@email.com,User123#
ucmn-262148254,Woodrow,Stoltenberg,woodrow.stoltenberg@email.com,User123#
ucmn-262148216,Jay,Rogahn,jay.rogahn@email.com,User123#
ucmn-262141476,Lucio,Cassin,lucio.cassin@email.com,User123#
ucmn-262146623,Orlo,Douglas,orlo.douglas@email.com,User123#
ucmn-262149828,Clementine,Bartell,clementine.bartell@email.com,User123#
ucmn-262148554,Edythe,Pollich,edythe.pollich@email.com,User123#
ucmn-262141436,Ignatius,McKenzie,ignatius.mckenzie@email.com,User123#
ucmn-262140190,Fred,Kreiger,fred.kreiger@email.com,User123#
ucmn-262149122,Abdullah,Jaskolski,abdullah.jaskolski@email.com,User123#
ucmn-262145993,Constantin,Prosacco,constantin.prosacco@email.com,User123#
ucmn-262144612,Orpha,Wyman,orpha.wyman@email.com,User123#
ucmn-262142629,Louisa,Bins,louisa.bins@email.com,User123#
ucmn-262143273,Edison,Paucek,edison.paucek@email.com,User123#
ucmn-262147665,Rupert,Pagac,rupert.pagac@email.com,User123#
ucmn-262147541,Billy,Lindgren,billy.lindgren@email.com,User123#
ucmn-262147267,Darryl,Predovic,darryl.predovic@email.com,User123#
ucmn-262143699,Aletha,Mills,aletha.mills@email.com,User123#
ucmn-262146934,Stephen,Funk,stephen.funk@email.com,User123#
ucmn-262148784,Pearl,Barrows,pearl.barrows@email.com,User123#
ucmn-262140516,Paul,Bergnaum,paul.bergnaum@email.com,User123#
ucmn-262142069,Darren,Crist,darren.crist@email.com,User123#
ucmn-262140846,Nathanial,Corkery,nathanial.corkery@email.com,User123#
ucmn-262141143,Otis,Reichert,otis.reichert@email.com,User123#
ucmn-262141629,Bettye,Hayes,bettye.hayes@email.com,User123#
ucmn-262142685,Johathan,Bechtelar,johathan.bechtelar@email.com,User123#
ucmn-262148297,Reilly,Quigley,reilly.quigley@email.com,User123#
ucmn-262148636,Hilma,MacGyver,hilma.macgyver@email.com,User123#
ucmn-262148726,Peter,Powlowski,peter.powlowski@email.com,User123#
ucmn-262143266,Antoinette,Koss,antoinette.koss@email.com,User123#
ucmn-262143333,Christopher,Mills,christopher.mills@email.com,User123#
ucmn-262149896,Lou,Ernser,lou.ernser@email.com,User123#
ucmn-262145059,Mateo,Kub,mateo.kub@email.com,User123#
ucmn-262141103,Abigail,Schmitt,abigail.schmitt@email.com,User123#
ucmn-262144544,Zackery,West,zackery.west@email.com,User123#
ucmn-262149271,Gerhard,Blanda,gerhard.blanda@email.com,User123#
ucmn-262140747,Jayme,Lebsack,jayme.lebsack@email.com,User123#
ucmn-262148961,Christina,Kuhn,christina.kuhn@email.com,User123#
ucmn-262147504,Providenci,Bruen,providenci.bruen@email.com,User123#
ucmn-262144590,Ewald,Berge,ewald.berge@email.com,User123#
ucmn-262145711,Maximillian,Welch,maximillian.welch@email.com,User123#
ucmn-262147935,Eladio,Goldner,eladio.goldner@email.com,User123#
ucmn-262146815,Keven,Pfeffer,keven.pfeffer@email.com,User123#
ucmn-262146506,Garret,O'Kon,garret.o'kon@email.com,User123#
ucmn-262146560,Cleveland,Walsh,cleveland.walsh@email.com,User123#
ucmn-262146609,Carey,Kuhn,carey.kuhn@email.com,User123#
ucmn-262140044,Carmella,Moore,carmella.moore@email.com,User123#
ucmn-262141988,Kiarra,Zulauf,kiarra.zulauf@email.com,User123#
ucmn-262149056,Muhammad,DuBuque,muhammad.dubuque@email.com,User123#
ucmn-262144284,General,Powlowski,general.powlowski@email.com,User123#
ucmn-262146161,Soledad,Hills,soledad.hills@email.com,User123#
ucmn-262144151,Lucienne,Sanford,lucienne.sanford@email.com,User123#
ucmn-262141883,Dock,Botsford,dock.botsford@email.com,User123#
ucmn-262144545,Gabrielle,Ritchie,gabrielle.ritchie@email.com,User123#
ucmn-262149629,River,Hayes,river.hayes@email.com,User123#
ucmn-262145087,Boris,Kunde,boris.kunde@email.com,User123#
ucmn-262145829,Rory,Schimmel,rory.schimmel@email.com,User123#
ucmn-262143306,Dasia,Aufderhar,dasia.aufderhar@email.com,User123#
ucmn-262142972,Emelie,Green,emelie.green@email.com,User123#
ucmn-262142467,Patience,Ondricka,patience.ondricka@email.com,User123#
ucmn-262143136,Malinda,Schuppe,malinda.schuppe@email.com,User123#
ucmn-262147121,Rick,Larson,rick.larson@email.com,User123#
ucmn-262142339,Alex,Luettgen,alex.luettgen@email.com,User123#
ucmn-262145742,Nikki,Kuhlman,nikki.kuhlman@email.com,User123#
ucmn-262145154,Jeremie,Lindgren,jeremie.lindgren@email.com,User123#
ucmn-262149621,Kallie,Considine,kallie.considine@email.com,User123#
ucmn-262145136,Zula,Abshire,zula.abshire@email.com,User123#
ucmn-262146727,Eldora,Morar,eldora.morar@email.com,User123#
ucmn-262141510,Carleton,Wehner,carleton.wehner@email.com,User123#
ucmn-262148863,Gertrude,McKenzie,gertrude.mckenzie@email.com,User123#
ucmn-262142173,Edison,Keebler,edison.keebler@email.com,User123#
ucmn-262146707,Chance,Steuber,chance.steuber@email.com,User123#
ucmn-262142056,Darrion,Smith,darrion.smith@email.com,User123#
ucmn-262141091,Briana,Johnston,briana.johnston@email.com,User123#
ucmn-262142683,Mathias,Huels,mathias.huels@email.com,User123#
ucmn-262146148,Horacio,Rau,horacio.rau@email.com,User123#
ucmn-262142466,Merritt,Brekke,merritt.brekke@email.com,User123#
ucmn-262149667,Granville,Romaguera,granville.romaguera@email.com,User123#
ucmn-262149624,Kamryn,Douglas,kamryn.douglas@email.com,User123#
ucmn-262146284,Marion,Beier,marion.beier@email.com,User123#
ucmn-262147071,Adela,Russel,adela.russel@email.com,User123#
ucmn-262145769,Benton,Smitham,benton.smitham@email.com,User123#
ucmn-262149998,Audie,Walsh,audie.walsh@email.com,User123#
ucmn-262142481,Dedrick,Bailey,dedrick.bailey@email.com,User123#
ucmn-262142245,Zechariah,Kling,zechariah.kling@email.com,User123#
ucmn-262148231,Ray,Crona,ray.crona@email.com,User123#
ucmn-262145596,Nikolas,Bode,nikolas.bode@email.com,User123#
ucmn-262146501,Milo,Ankunding,milo.ankunding@email.com,User123#
ucmn-262149348,Toy,Conroy,toy.conroy@email.com,User123#
ucmn-262140878,Heaven,Lubowitz,heaven.lubowitz@email.com,User123#
ucmn-262145045,Jose,Stanton,jose.stanton@email.com,User123#
ucmn-262142159,Gregory,Beatty,gregory.beatty@email.com,User123#
ucmn-262142636,Bettye,King,bettye.king@email.com,User123#
ucmn-262149850,Ena,Russel,ena.russel@email.com,User123#
ucmn-262146315,Rick,Aufderhar,rick.aufderhar@email.com,User123#
ucmn-262145849,Gladyce,Bechtelar,gladyce.bechtelar@email.com,User123#
ucmn-262149709,Karson,Sporer,karson.sporer@email.com,User123#
ucmn-262141428,Wendy,Kovacek,wendy.kovacek@email.com,User123#
ucmn-262149065,Velva,Mohr,velva.mohr@email.com,User123#
ucmn-262143420,Presley,Kirlin,presley.kirlin@email.com,User123#
ucmn-262148703,Willy,Mertz,willy.mertz@email.com,User123#
ucmn-262140333,Mae,Swaniawski,mae.swaniawski@email.com,User123#
ucmn-262144731,Keegan,Gottlieb,keegan.gottlieb@email.com,User123#
ucmn-262145063,Trisha,Strosin,trisha.strosin@email.com,User123#
ucmn-262142134,Yessenia,Conn,yessenia.conn@email.com,User123#
ucmn-262140955,Erwin,Schoen,erwin.schoen@email.com,User123#
ucmn-262146620,Lavada,Cummings,lavada.cummings@email.com,User123#
ucmn-262144872,Shayne,Rutherford,shayne.rutherford@email.com,User123#
ucmn-262147485,Ulices,Hermann,ulices.hermann@email.com,User123#
ucmn-262143022,Obie,Lindgren,obie.lindgren@email.com,User123#
ucmn-262148703,Nelson,Ritchie,nelson.ritchie@email.com,User123#
ucmn-262144690,Regan,Schuster,regan.schuster@email.com,User123#
ucmn-262149340,Katelynn,Orn,katelynn.orn@email.com,User123#
ucmn-262148597,Aiyana,Barton,aiyana.barton@email.com,User123#
ucmn-262149812,Francis,Wilkinson,francis.wilkinson@email.com,User123#
ucmn-262145616,Natalia,Trantow,natalia.trantow@email.com,User123#
ucmn-262149817,Izaiah,Haag,izaiah.haag@email.com,User123#
ucmn-262143785,Ervin,Daugherty,ervin.daugherty@email.com,User123#
ucmn-262145979,Ahmad,Runolfsson,ahmad.runolfsson@email.com,User123#
ucmn-262146279,Destiny,Jacobi,destiny.jacobi@email.com,User123#
ucmn-262142937,Eleanora,Schroeder,eleanora.schroeder@email.com,User123#
ucmn-262143569,Zola,Harber,zola.harber@email.com,User123#
ucmn-262143905,Denis,Wolf,denis.wolf@email.com,User123#
ucmn-262149297,Houston,Gorczany,houston.gorczany@email.com,User123#
ucmn-262142483,Ceasar,Tillman,ceasar.tillman@email.com,User123#
ucmn-262146425,Taylor,Fadel,taylor.fadel@email.com,User123#
ucmn-262145913,Damien,Mayer,damien.mayer@email.com,User123#
ucmn-262147224,Brent,Davis,brent.davis@email.com,User123#
ucmn-262142957,Brad,Bode,brad.bode@email.com,User123#
ucmn-262146657,Loyce,Boyer,loyce.boyer@email.com,User123#
ucmn-262142096,Annetta,Gorczany,annetta.gorczany@email.com,User123#
ucmn-262141020,Narciso,Renner,narciso.renner@email.com,User123#
ucmn-262147888,Edna,Maggio,edna.maggio@email.com,User123#
ucmn-262145250,Jakob,Rath,jakob.rath@email.com,User123#
ucmn-262145545,Leonora,Fisher,leonora.fisher@email.com,User123#
ucmn-262140647,Nathaniel,Blanda,nathaniel.blanda@email.com,User123#
ucmn-262143096,Macey,Spencer,macey.spencer@email.com,User123#
ucmn-262149859,Deja,Morissette,deja.morissette@email.com,User123#
ucmn-262143298,Lue,Ernser,lue.ernser@email.com,User123#
ucmn-262140354,Aidan,Schaden,aidan.schaden@email.com,User123#
ucmn-262142341,Walter,Wolf,walter.wolf@email.com,User123#
ucmn-262140270,Ruth,Prosacco,ruth.prosacco@email.com,User123#
ucmn-262147679,Abigayle,Koepp,abigayle.koepp@email.com,User123#
ucmn-262140628,Alden,Beier,alden.beier@email.com,User123#
ucmn-262149220,Madelynn,O'Conner,madelynn.o'conner@email.com,User123#
ucmn-262143528,Quincy,Feil,quincy.feil@email.com,User123#
ucmn-262140764,Tevin,Mertz,tevin.mertz@email.com,User123#
ucmn-262142714,Dave,Hahn,dave.hahn@email.com,User123#
ucmn-262142366,Louie,Legros,louie.legros@email.com,User123#
ucmn-262140427,Tomas,Brekke,tomas.brekke@email.com,User123#
ucmn-262148123,Frederik,Larkin,frederik.larkin@email.com,User123#
ucmn-262149059,Bryon,Heller,bryon.heller@email.com,User123#
ucmn-262148756,Lafayette,Fahey,lafayette.fahey@email.com,User123#
ucmn-262140837,Jalyn,Pfeffer,jalyn.pfeffer@email.com,User123#
ucmn-262143036,Jennings,Von,jennings.von@email.com,User123#
ucmn-262142202,Erika,Kreiger,erika.kreiger@email.com,User123#
ucmn-262142894,Elisha,Casper,elisha.casper@email.com,User123#
ucmn-262149445,Cathryn,Hyatt,cathryn.hyatt@email.com,User123#
ucmn-262142988,Ted,Bode,ted.bode@email.com,User123#
ucmn-262147280,Dejon,Zboncak,dejon.zboncak@email.com,User123#
ucmn-262149824,Misael,Ruecker,misael.ruecker@email.com,User123#
ucmn-262143828,Taylor,Johnston,taylor.johnston@email.com,User123#
ucmn-262146817,Maryjane,Conn,maryjane.conn@email.com,User123#
ucmn-262149731,Curtis,Dicki,curtis.dicki@email.com,User123#
ucmn-262141281,Parker,Nitzsche,parker.nitzsche@email.com,User123#
ucmn-262144652,Drake,Cronin,drake.cronin@email.com,User123#
ucmn-262149522,Angeline,Rempel,angeline.rempel@email.com,User123#
ucmn-262148137,Giovanna,Waelchi,giovanna.waelchi@email.com,User123#
ucmn-262143426,Genoveva,Emmerich,genoveva.emmerich@email.com,User123#
ucmn-262142390,Erik,Larson,erik.larson@email.com,User123#
ucmn-262144157,Keira,Jast,keira.jast@email.com,User123#
ucmn-262142244,Rebekah,Hammes,rebekah.hammes@email.com,User123#
ucmn-262146951,Xavier,Romaguera,xavier.romaguera@email.com,User123#
ucmn-262145831,Sammy,VonRueden,sammy.vonrueden@email.com,User123#
ucmn-262142820,Krystel,Strosin,krystel.strosin@email.com,User123#
ucmn-262140880,Armand,VonRueden,armand.vonrueden@email.com,User123#
ucmn-262144983,Ike,Leffler,ike.leffler@email.com,User123#
ucmn-262149120,Thurman,Gislason,thurman.gislason@email.com,User123#
ucmn-262149838,Zion,Funk,zion.funk@email.com,User123#
ucmn-262141730,Trevion,Walter,trevion.walter@email.com,User123#
ucmn-262145409,Jamey,Stark,jamey.stark@email.com,User123#
ucmn-262147735,Destiny,Davis,destiny.davis@email.com,User123#
ucmn-262145020,Rylee,Altenwerth,rylee.altenwerth@email.com,User123#
ucmn-262144135,Ettie,Wisoky,ettie.wisoky@email.com,User123#
ucmn-262146168,Jayce,Beier,jayce.beier@email.com,User123#
ucmn-262145375,Brook,Graham,brook.graham@email.com,User123#
ucmn-262146124,Edison,Shields,edison.shields@email.com,User123#
ucmn-262141219,Cassandre,Stanton,cassandre.stanton@email.com,User123#
ucmn-262144050,Zora,Moen,zora.moen@email.com,User123#
ucmn-262140596,Laurence,Huels,laurence.huels@email.com,User123#
ucmn-262149157,Estelle,Leannon,estelle.leannon@email.com,User123#
ucmn-262142228,Raleigh,Skiles,raleigh.skiles@email.com,User123#
ucmn-262143140,Verona,Glover,verona.glover@email.com,User123#
ucmn-262140268,Verdie,Langosh,verdie.langosh@email.com,User123#
ucmn-262149927,Keenan,Cremin,keenan.cremin@email.com,User123#
ucmn-262145802,Leonardo,Howell,leonardo.howell@email.com,User123#
ucmn-262141133,Lila,Bartoletti,lila.bartoletti@email.com,User123#
ucmn-262144906,Thad,Larkin,thad.larkin@email.com,User123#
ucmn-262146779,Garrison,Erdman,garrison.erdman@email.com,User123#
ucmn-262142622,Dewayne,Kuhlman,dewayne.kuhlman@email.com,User123#
ucmn-262142935,Mabelle,Conn,mabelle.conn@email.com,User123#
ucmn-262143128,Ahmed,Erdman,ahmed.erdman@email.com,User123#
ucmn-262149395,Jakob,Conroy,jakob.conroy@email.com,User123#
ucmn-262146253,Trent,Nitzsche,trent.nitzsche@email.com,User123#
ucmn-262145907,Preston,Runolfsdottir,preston.runolfsdottir@email.com,User123#
ucmn-262143776,Major,Schamberger,major.schamberger@email.com,User123#
ucmn-262148961,Brody,Legros,brody.legros@email.com,User123#
ucmn-262144924,Baron,Cartwright,baron.cartwright@email.com,User123#
ucmn-262146369,Lora,Jaskolski,lora.jaskolski@email.com,User123#
ucmn-262144719,Keenan,Brekke,keenan.brekke@email.com,User123#
ucmn-262147132,Flossie,Murray,flossie.murray@email.com,User123#
ucmn-262141193,Joel,Thiel,joel.thiel@email.com,User123#
ucmn-262143282,Dedrick,O'Connell,dedrick.o'connell@email.com,User123#
ucmn-262148760,Ruthie,Reilly,ruthie.reilly@email.com,User123#
ucmn-262146891,Jarod,Mayert,jarod.mayert@email.com,User123#
ucmn-262144210,Isabel,Collier,isabel.collier@email.com,User123#
ucmn-262141074,Philip,O'Reilly,philip.o'reilly@email.com,User123#
ucmn-262140119,Aurelia,Koepp,aurelia.koepp@email.com,User123#
ucmn-262148665,Margot,Halvorson,margot.halvorson@email.com,User123#
ucmn-262146502,Ahmed,Wilderman,ahmed.wilderman@email.com,User123#
ucmn-262147794,Sabrina,Dickinson,sabrina.dickinson@email.com,User123#
ucmn-262140300,Kylie,Carter,kylie.carter@email.com,User123#
ucmn-262149499,Emelie,Heaney,emelie.heaney@email.com,User123#
