username,firstname,lastname,email,password
ucb-262148462,Adonis,Daniel,adonis.daniel@email.com,User123#
ucb-262141168,Barrett,Bechtelar,barrett.bechtelar@email.com,User123#
ucb-262140533,Alysson,Bogan,alysson.bogan@email.com,User123#
ucb-262145003,Nikko,Stracke,nikko.stracke@email.com,User123#
ucb-262145324,Tyrell,Hane,tyrell.hane@email.com,User123#
ucb-262147084,Ryleigh,Grimes,ryleigh.grimes@email.com,User123#
ucb-262146072,Josefina,Powlowski,josefina.powlowski@email.com,User123#
ucb-262142469,Jada,Kassulke,jada.kassulke@email.com,User123#
ucb-262148139,Susana,Hirthe,susana.hirthe@email.com,User123#
ucb-262143235,Cassidy,Bode,cassidy.bode@email.com,User123#
ucb-262146185,Clement,Yost,clement.yost@email.com,User123#
ucb-262148437,Luella,Eichmann,luella.eichmann@email.com,User123#
ucb-262142763,Antonetta,Maggio,antonetta.maggio@email.com,User123#
ucb-262141131,Jeanne,Jerde,jeanne.jerde@email.com,User123#
ucb-262145666,Kenton,Dietrich,kenton.dietrich@email.com,User123#
ucb-262147269,Kristoffer,Klein,kristoffer.klein@email.com,User123#
ucb-262140160,Carrie,Rippin,carrie.rippin@email.com,User123#
ucb-262144831,Lexi,Skiles,lexi.skiles@email.com,User123#
ucb-262145681,Barrett,McDermott,barrett.mcdermott@email.com,User123#
ucb-262149631,Louvenia,Kulas,louvenia.kulas@email.com,User123#
ucb-262144020,Elsa,Grant,elsa.grant@email.com,User123#
ucb-262148138,Tania,Kirlin,tania.kirlin@email.com,User123#
ucb-262145849,Garnet,Botsford,garnet.botsford@email.com,User123#
ucb-262145679,Kathryn,Gaylord,kathryn.gaylord@email.com,User123#
ucb-262145296,Glen,Lowe,glen.lowe@email.com,User123#
ucb-262142466,Keely,Crist,keely.crist@email.com,User123#
ucb-262140926,Vladimir,Shanahan,vladimir.shanahan@email.com,User123#
ucb-262145474,Jamaal,Nolan,jamaal.nolan@email.com,User123#
ucb-262149994,Sigrid,Dare,sigrid.dare@email.com,User123#
ucb-262147803,Deron,Carter,deron.carter@email.com,User123#
ucb-262146833,Jordi,Murazik,jordi.murazik@email.com,User123#
ucb-262146723,Eveline,Daugherty,eveline.daugherty@email.com,User123#
ucb-262145128,Braxton,Bernier,braxton.bernier@email.com,User123#
ucb-262143941,Ubaldo,Jacobson,ubaldo.jacobson@email.com,User123#
ucb-262147943,Keenan,Strosin,keenan.strosin@email.com,User123#
ucb-262142841,Oswald,Ondricka,oswald.ondricka@email.com,User123#
ucb-262147229,Kaelyn,Lubowitz,kaelyn.lubowitz@email.com,User123#
ucb-262140999,Joe,Lind,joe.lind@email.com,User123#
ucb-262149180,Hassan,Moore,hassan.moore@email.com,User123#
ucb-262148240,Tracy,Wilkinson,tracy.wilkinson@email.com,User123#
ucb-262143987,Aiyana,Marvin,aiyana.marvin@email.com,User123#
ucb-262143851,Tomas,Zieme,tomas.zieme@email.com,User123#
ucb-262149885,Suzanne,Prosacco,suzanne.prosacco@email.com,User123#
ucb-262142481,Eladio,Moen,eladio.moen@email.com,User123#
ucb-262143231,Ewell,Schmitt,ewell.schmitt@email.com,User123#
ucb-262143375,Ima,Buckridge,ima.buckridge@email.com,User123#
ucb-262145725,Lessie,Padberg,lessie.padberg@email.com,User123#
ucb-262145632,Marlen,Mitchell,marlen.mitchell@email.com,User123#
ucb-262143180,Chaya,Rutherford,chaya.rutherford@email.com,User123#
ucb-262147521,Jonathan,Kris,jonathan.kris@email.com,User123#
ucb-262148815,Damian,Orn,damian.orn@email.com,User123#
ucb-262144358,Sheldon,Schmidt,sheldon.schmidt@email.com,User123#
ucb-262141619,Katheryn,Mann,katheryn.mann@email.com,User123#
ucb-262141943,Hugh,Ullrich,hugh.ullrich@email.com,User123#
ucb-262145686,Otto,Wolff,otto.wolff@email.com,User123#
ucb-262149025,Maegan,McCullough,maegan.mccullough@email.com,User123#
ucb-262144529,Ivy,Prosacco,ivy.prosacco@email.com,User123#
ucb-262149103,Demetris,Aufderhar,demetris.aufderhar@email.com,User123#
ucb-262148668,Darwin,Kuhic,darwin.kuhic@email.com,User123#
ucb-262148011,Ryleigh,Baumbach,ryleigh.baumbach@email.com,User123#
ucb-262149549,Thurman,Flatley,thurman.flatley@email.com,User123#
ucb-262144749,Birdie,Luettgen,birdie.luettgen@email.com,User123#
ucb-262146530,Dave,McCullough,dave.mccullough@email.com,User123#
ucb-262144781,Christian,Baumbach,christian.baumbach@email.com,User123#
ucb-262142023,Brooke,Batz,brooke.batz@email.com,User123#
ucb-262147709,Lisa,Stroman,lisa.stroman@email.com,User123#
ucb-262149568,Rita,Windler,rita.windler@email.com,User123#
ucb-262147974,Dominique,Quigley,dominique.quigley@email.com,User123#
ucb-262144754,Henderson,Brekke,henderson.brekke@email.com,User123#
ucb-262143034,Gisselle,Johns,gisselle.johns@email.com,User123#
ucb-262140657,Emile,Mertz,emile.mertz@email.com,User123#
ucb-262142755,Luisa,Lind,luisa.lind@email.com,User123#
ucb-262149398,Carlie,Hickle,carlie.hickle@email.com,User123#
ucb-262141456,Jacey,Weimann,jacey.weimann@email.com,User123#
ucb-262146349,Napoleon,Hansen,napoleon.hansen@email.com,User123#
ucb-262142618,Emerald,Bahringer,emerald.bahringer@email.com,User123#
ucb-262149394,Chadd,Swift,chadd.swift@email.com,User123#
ucb-262142317,Lewis,Shields,lewis.shields@email.com,User123#
ucb-262142555,Abdullah,Vandervort,abdullah.vandervort@email.com,User123#
ucb-262146838,Lea,Conroy,lea.conroy@email.com,User123#
ucb-262148291,Brionna,Hintz,brionna.hintz@email.com,User123#
ucb-262145016,Laney,Haag,laney.haag@email.com,User123#
ucb-262146703,Dock,Roberts,dock.roberts@email.com,User123#
ucb-262145931,Coty,Beahan,coty.beahan@email.com,User123#
ucb-262144249,Eliza,Bartoletti,eliza.bartoletti@email.com,User123#
ucb-262149814,Pierre,Schroeder,pierre.schroeder@email.com,User123#
ucb-262149387,Brody,Kshlerin,brody.kshlerin@email.com,User123#
ucb-262146295,Nico,Krajcik,nico.krajcik@email.com,User123#
ucb-262147071,Amelie,Stark,amelie.stark@email.com,User123#
ucb-262144198,Lilian,Fadel,lilian.fadel@email.com,User123#
ucb-262145126,Bette,Spinka,bette.spinka@email.com,User123#
ucb-262148721,Ellsworth,Waelchi,ellsworth.waelchi@email.com,User123#
ucb-262147233,Chasity,Rolfson,chasity.rolfson@email.com,User123#
ucb-262145791,Suzanne,Jast,suzanne.jast@email.com,User123#
ucb-262141065,Edmund,Gerlach,edmund.gerlach@email.com,User123#
ucb-262142813,Tara,Schiller,tara.schiller@email.com,User123#
ucb-262147014,Cruz,Rosenbaum,cruz.rosenbaum@email.com,User123#
ucb-262142889,Anahi,Bosco,anahi.bosco@email.com,User123#
ucb-262148538,Will,Gutmann,will.gutmann@email.com,User123#
ucb-262147143,May,Leffler,may.leffler@email.com,User123#
ucb-262149342,Sasha,Mills,sasha.mills@email.com,User123#
ucb-262142246,Kristy,Durgan,kristy.durgan@email.com,User123#
ucb-262147490,Deshawn,Strosin,deshawn.strosin@email.com,User123#
ucb-262148118,Carolyne,Sawayn,carolyne.sawayn@email.com,User123#
ucb-262142727,Shayna,Upton,shayna.upton@email.com,User123#
ucb-262147371,Zander,Beier,zander.beier@email.com,User123#
ucb-262141958,Demond,Mills,demond.mills@email.com,User123#
ucb-262147761,Liana,Lehner,liana.lehner@email.com,User123#
ucb-262146961,Leopold,Quigley,leopold.quigley@email.com,User123#
ucb-262147755,Elfrieda,Waters,elfrieda.waters@email.com,User123#
ucb-262148906,Carmel,Goodwin,carmel.goodwin@email.com,User123#
ucb-262141158,Victor,Feeney,victor.feeney@email.com,User123#
ucb-262140967,Constantin,Stiedemann,constantin.stiedemann@email.com,User123#
ucb-262142579,Francisco,Mraz,francisco.mraz@email.com,User123#
ucb-262141443,Timmothy,Okuneva,timmothy.okuneva@email.com,User123#
ucb-262141511,Boris,Bins,boris.bins@email.com,User123#
ucb-262143320,Mathew,Donnelly,mathew.donnelly@email.com,User123#
ucb-262149269,Alejandrin,Collier,alejandrin.collier@email.com,User123#
ucb-262142071,Orlando,Fadel,orlando.fadel@email.com,User123#
ucb-262142976,Sonya,King,sonya.king@email.com,User123#
ucb-262147026,Jamil,Bruen,jamil.bruen@email.com,User123#
ucb-262143532,Eleonore,Fay,eleonore.fay@email.com,User123#
ucb-262140281,Flavio,Tillman,flavio.tillman@email.com,User123#
ucb-262149799,Gerson,McLaughlin,gerson.mclaughlin@email.com,User123#
ucb-262140989,Carolyn,Swaniawski,carolyn.swaniawski@email.com,User123#
ucb-262144187,Dillon,Blanda,dillon.blanda@email.com,User123#
ucb-262149449,Marie,Beahan,marie.beahan@email.com,User123#
ucb-262142880,Lamont,Kihn,lamont.kihn@email.com,User123#
ucb-262142776,Randal,Lindgren,randal.lindgren@email.com,User123#
ucb-262147094,Hosea,Runolfsson,hosea.runolfsson@email.com,User123#
ucb-262147422,Baylee,Grady,baylee.grady@email.com,User123#
ucb-262147688,Rosamond,Yost,rosamond.yost@email.com,User123#
ucb-262148368,Virginia,Flatley,virginia.flatley@email.com,User123#
ucb-262142722,Irwin,Raynor,irwin.raynor@email.com,User123#
ucb-262148197,Leanna,Welch,leanna.welch@email.com,User123#
ucb-262145645,Ramiro,Prohaska,ramiro.prohaska@email.com,User123#
ucb-262141545,Eva,Mohr,eva.mohr@email.com,User123#
ucb-262140986,Casimir,Sporer,casimir.sporer@email.com,User123#
ucb-262143744,Barton,Lang,barton.lang@email.com,User123#
ucb-262148964,Doug,Rutherford,doug.rutherford@email.com,User123#
ucb-262149713,Carleton,Mraz,carleton.mraz@email.com,User123#
ucb-262143599,Jany,Altenwerth,jany.altenwerth@email.com,User123#
ucb-262140647,Velda,Muller,velda.muller@email.com,User123#
ucb-262145920,Edgardo,Runolfsdottir,edgardo.runolfsdottir@email.com,User123#
ucb-262142429,Rosalinda,Homenick,rosalinda.homenick@email.com,User123#
ucb-262145071,Asha,Rau,asha.rau@email.com,User123#
ucb-262141370,Adah,Rice,adah.rice@email.com,User123#
ucb-262140372,Tyshawn,Braun,tyshawn.braun@email.com,User123#
ucb-262145972,Watson,Hodkiewicz,watson.hodkiewicz@email.com,User123#
ucb-262144753,Keshawn,Nikolaus,keshawn.nikolaus@email.com,User123#
ucb-262147078,Jude,Bergstrom,jude.bergstrom@email.com,User123#
ucb-262142026,Mason,Watsica,mason.watsica@email.com,User123#
ucb-262147568,Romaine,Cormier,romaine.cormier@email.com,User123#
ucb-262140991,Scottie,O'Hara,scottie.o'hara@email.com,User123#
ucb-262144837,Samara,Reinger,samara.reinger@email.com,User123#
ucb-262144373,Brendan,King,brendan.king@email.com,User123#
ucb-262149520,Kenna,Aufderhar,kenna.aufderhar@email.com,User123#
ucb-262149334,Destin,Kiehn,destin.kiehn@email.com,User123#
ucb-262146209,Uriah,Bogan,uriah.bogan@email.com,User123#
ucb-262143664,Idell,Jacobs,idell.jacobs@email.com,User123#
ucb-262143510,Blair,Stracke,blair.stracke@email.com,User123#
ucb-262149462,Benton,Lehner,benton.lehner@email.com,User123#
ucb-262140455,Orlo,Schaefer,orlo.schaefer@email.com,User123#
ucb-262143243,Trever,Swift,trever.swift@email.com,User123#
ucb-262145293,Litzy,Lind,litzy.lind@email.com,User123#
ucb-262148856,Bailey,Pfeffer,bailey.pfeffer@email.com,User123#
ucb-262143443,Haylee,Turcotte,haylee.turcotte@email.com,User123#
ucb-262142131,Melvina,Walter,melvina.walter@email.com,User123#
ucb-262143244,Dewitt,Crooks,dewitt.crooks@email.com,User123#
ucb-262144212,Pete,Hauck,pete.hauck@email.com,User123#
ucb-262142556,Hailee,Robel,hailee.robel@email.com,User123#
ucb-262147351,Nicholaus,Macejkovic,nicholaus.macejkovic@email.com,User123#
ucb-262149836,Jevon,Gutkowski,jevon.gutkowski@email.com,User123#
ucb-262140942,Jo,Kautzer,jo.kautzer@email.com,User123#
ucb-262145358,Maximillia,Hudson,maximillia.hudson@email.com,User123#
ucb-262142500,Susie,Cummings,susie.cummings@email.com,User123#
ucb-262146694,Dixie,Hansen,dixie.hansen@email.com,User123#
ucb-262141073,Sonia,Reichel,sonia.reichel@email.com,User123#
ucb-262148447,Jerad,O'Connell,jerad.o'connell@email.com,User123#
ucb-262143246,Lora,Schaefer,lora.schaefer@email.com,User123#
ucb-262145452,Napoleon,Halvorson,napoleon.halvorson@email.com,User123#
ucb-262144034,Jean,Swaniawski,jean.swaniawski@email.com,User123#
ucb-262141684,Eric,Schneider,eric.schneider@email.com,User123#
ucb-262142732,Cierra,Muller,cierra.muller@email.com,User123#
ucb-262143533,Neoma,Medhurst,neoma.medhurst@email.com,User123#
ucb-262143743,Tia,Kirlin,tia.kirlin@email.com,User123#
ucb-262144189,Cedrick,Schaden,cedrick.schaden@email.com,User123#
ucb-262146820,Thurman,Ullrich,thurman.ullrich@email.com,User123#
ucb-262141321,Jayde,Crona,jayde.crona@email.com,User123#
ucb-262143860,Isaias,Moen,isaias.moen@email.com,User123#
ucb-262141444,Clara,Smith,clara.smith@email.com,User123#
ucb-262144730,Thomas,Jast,thomas.jast@email.com,User123#
ucb-262144381,Carey,Schumm,carey.schumm@email.com,User123#
ucb-262149242,Adolfo,Robel,adolfo.robel@email.com,User123#
ucb-262142248,Monserrat,Miller,monserrat.miller@email.com,User123#
ucb-262142171,Jesus,Wilkinson,jesus.wilkinson@email.com,User123#
ucb-262140316,Christian,Murazik,christian.murazik@email.com,User123#
ucb-262147613,Sadie,Conn,sadie.conn@email.com,User123#
ucb-262147358,Louisa,Bergnaum,louisa.bergnaum@email.com,User123#
ucb-262146166,Elvis,Walter,elvis.walter@email.com,User123#
ucb-262141915,Tobin,McGlynn,tobin.mcglynn@email.com,User123#
ucb-262143132,Brayan,Reilly,brayan.reilly@email.com,User123#
ucb-262143152,Audrey,Parisian,audrey.parisian@email.com,User123#
ucb-262144763,Dock,Grimes,dock.grimes@email.com,User123#
ucb-262144734,Lorine,Fritsch,lorine.fritsch@email.com,User123#
ucb-262147332,Estella,Abshire,estella.abshire@email.com,User123#
ucb-262147282,Reilly,Kling,reilly.kling@email.com,User123#
ucb-262149584,Belle,Larson,belle.larson@email.com,User123#
ucb-262144062,Clotilde,Emmerich,clotilde.emmerich@email.com,User123#
ucb-262143283,Carolina,Kerluke,carolina.kerluke@email.com,User123#
ucb-262149764,Yvette,Jaskolski,yvette.jaskolski@email.com,User123#
ucb-262149912,Sophia,Jaskolski,sophia.jaskolski@email.com,User123#
ucb-262140707,Martine,Daniel,martine.daniel@email.com,User123#
ucb-262146472,Roxane,Frami,roxane.frami@email.com,User123#
ucb-262149365,Valentin,Turner,valentin.turner@email.com,User123#
ucb-262140067,Taurean,Bradtke,taurean.bradtke@email.com,User123#
ucb-262142582,Percival,Botsford,percival.botsford@email.com,User123#
ucb-262147679,Casey,Haag,casey.haag@email.com,User123#
ucb-262142145,Lamont,Strosin,lamont.strosin@email.com,User123#
ucb-262149453,Christina,Deckow,christina.deckow@email.com,User123#
ucb-262143020,Destinee,Mitchell,destinee.mitchell@email.com,User123#
ucb-262146964,Aliya,Jakubowski,aliya.jakubowski@email.com,User123#
ucb-262147332,Myrtle,Dooley,myrtle.dooley@email.com,User123#
ucb-262140930,Geoffrey,Cassin,geoffrey.cassin@email.com,User123#
ucb-262140708,Hayley,Torphy,hayley.torphy@email.com,User123#
ucb-262148023,Liam,Ratke,liam.ratke@email.com,User123#
ucb-262140953,Serenity,Harber,serenity.harber@email.com,User123#
ucb-262146654,Wyatt,Quigley,wyatt.quigley@email.com,User123#
ucb-262141944,Darlene,Olson,darlene.olson@email.com,User123#
ucb-262147776,Prudence,Dare,prudence.dare@email.com,User123#
ucb-262147021,Edythe,Kautzer,edythe.kautzer@email.com,User123#
ucb-262145846,Lexie,Friesen,lexie.friesen@email.com,User123#
ucb-262149452,Ned,Bosco,ned.bosco@email.com,User123#
ucb-262144583,Eugene,Zemlak,eugene.zemlak@email.com,User123#
ucb-262149448,Alysha,Miller,alysha.miller@email.com,User123#
ucb-262144717,Danial,Greenfelder,danial.greenfelder@email.com,User123#
ucb-262146353,Cade,Pollich,cade.pollich@email.com,User123#
ucb-262145750,Marcos,Kihn,marcos.kihn@email.com,User123#
ucb-262142794,Omari,Dibbert,omari.dibbert@email.com,User123#
ucb-262146467,Harley,Hane,harley.hane@email.com,User123#
ucb-262140417,Isabelle,Rodriguez,isabelle.rodriguez@email.com,User123#
ucb-262149166,Boris,Cronin,boris.cronin@email.com,User123#
ucb-262141550,Sven,Kuvalis,sven.kuvalis@email.com,User123#
ucb-262146677,Ed,Armstrong,ed.armstrong@email.com,User123#
ucb-262148623,Aryanna,Wiza,aryanna.wiza@email.com,User123#
ucb-262148174,Pete,Schowalter,pete.schowalter@email.com,User123#
ucb-262140900,Daryl,White,daryl.white@email.com,User123#
ucb-262149041,Derek,Lubowitz,derek.lubowitz@email.com,User123#
ucb-262143970,Martine,Swaniawski,martine.swaniawski@email.com,User123#
ucb-262149073,Vivien,Gibson,vivien.gibson@email.com,User123#
ucb-262142280,Juliana,Bergstrom,juliana.bergstrom@email.com,User123#
ucb-262141598,Loy,Pfannerstill,loy.pfannerstill@email.com,User123#
ucb-262142384,Janelle,Williamson,janelle.williamson@email.com,User123#
ucb-262148480,Kenna,Bins,kenna.bins@email.com,User123#
ucb-262143950,Craig,Pacocha,craig.pacocha@email.com,User123#
ucb-262144776,Jaquan,Mills,jaquan.mills@email.com,User123#
ucb-262142699,Rubye,Metz,rubye.metz@email.com,User123#
ucb-262143213,Annabel,Gutmann,annabel.gutmann@email.com,User123#
ucb-262146036,Verlie,Yundt,verlie.yundt@email.com,User123#
ucb-262143773,Presley,Lowe,presley.lowe@email.com,User123#
ucb-262140270,Sherman,Smith,sherman.smith@email.com,User123#
ucb-262147431,Alicia,Mitchell,alicia.mitchell@email.com,User123#
ucb-262143584,Aurelio,Connelly,aurelio.connelly@email.com,User123#
ucb-262146257,Queen,Lebsack,queen.lebsack@email.com,User123#
ucb-262143393,Tanya,Schoen,tanya.schoen@email.com,User123#
ucb-262140210,Anna,Block,anna.block@email.com,User123#
ucb-262141453,Breana,Leuschke,breana.leuschke@email.com,User123#
ucb-262142174,Sylvan,Cruickshank,sylvan.cruickshank@email.com,User123#
ucb-262148082,Kenna,Rice,kenna.rice@email.com,User123#
ucb-262142924,Guillermo,Hoeger,guillermo.hoeger@email.com,User123#
ucb-262140152,Viviane,Rodriguez,viviane.rodriguez@email.com,User123#
ucb-262144784,Zelma,Connelly,zelma.connelly@email.com,User123#
ucb-262142739,Ross,Dicki,ross.dicki@email.com,User123#
ucb-262145900,Cruz,MacGyver,cruz.macgyver@email.com,User123#
ucb-262147546,Yazmin,Berge,yazmin.berge@email.com,User123#
ucb-262141075,Amani,Kovacek,amani.kovacek@email.com,User123#
ucb-262141930,Jordyn,Lebsack,jordyn.lebsack@email.com,User123#
ucb-262149789,Joelle,Wehner,joelle.wehner@email.com,User123#
ucb-262146235,Rickie,Hirthe,rickie.hirthe@email.com,User123#
ucb-262140287,Delia,Ruecker,delia.ruecker@email.com,User123#
ucb-262148511,Kiana,Effertz,kiana.effertz@email.com,User123#
ucb-262145686,Dedrick,Gorczany,dedrick.gorczany@email.com,User123#
ucb-262140850,Brenden,Reynolds,brenden.reynolds@email.com,User123#
ucb-262142330,Karolann,Bahringer,karolann.bahringer@email.com,User123#
ucb-262146323,Lauretta,Cummerata,lauretta.cummerata@email.com,User123#
ucb-262145875,Casandra,Kuhic,casandra.kuhic@email.com,User123#
ucb-262143529,Lourdes,Bruen,lourdes.bruen@email.com,User123#
ucb-262143330,Rowena,Bednar,rowena.bednar@email.com,User123#
ucb-262149348,Imelda,Reichel,imelda.reichel@email.com,User123#
ucb-262144990,Georgianna,Wuckert,georgianna.wuckert@email.com,User123#
ucb-262147025,Kelton,Gutkowski,kelton.gutkowski@email.com,User123#
ucb-262147377,Sarai,Lind,sarai.lind@email.com,User123#
ucb-262146465,Jesse,Bechtelar,jesse.bechtelar@email.com,User123#
ucb-262145423,Briana,Jakubowski,briana.jakubowski@email.com,User123#
ucb-262147473,Vesta,Durgan,vesta.durgan@email.com,User123#
ucb-262143005,Caroline,Hodkiewicz,caroline.hodkiewicz@email.com,User123#
ucb-262141700,Adrienne,Hills,adrienne.hills@email.com,User123#
ucb-262147508,Shany,Walsh,shany.walsh@email.com,User123#
ucb-262149618,Gregorio,Leuschke,gregorio.leuschke@email.com,User123#
ucb-262143723,Felicita,Welch,felicita.welch@email.com,User123#
ucb-262146481,Uriah,Cronin,uriah.cronin@email.com,User123#
ucb-262148939,Kenyatta,Stiedemann,kenyatta.stiedemann@email.com,User123#
ucb-262141251,Clair,Brown,clair.brown@email.com,User123#
ucb-262146366,Jeremy,Hoeger,jeremy.hoeger@email.com,User123#
ucb-262143316,Allison,Graham,allison.graham@email.com,User123#
ucb-262142528,Jarod,Hettinger,jarod.hettinger@email.com,User123#
ucb-262145597,Deon,Rodriguez,deon.rodriguez@email.com,User123#
ucb-262140109,Haskell,Cremin,haskell.cremin@email.com,User123#
ucb-262147815,Jammie,Berge,jammie.berge@email.com,User123#
ucb-262146435,Santiago,Waelchi,santiago.waelchi@email.com,User123#
ucb-262146272,Trinity,Aufderhar,trinity.aufderhar@email.com,User123#
ucb-262140582,Mikel,Satterfield,mikel.satterfield@email.com,User123#
ucb-262142715,Berneice,Funk,berneice.funk@email.com,User123#
ucb-262141859,Elna,Predovic,elna.predovic@email.com,User123#
ucb-262146827,Owen,Okuneva,owen.okuneva@email.com,User123#
ucb-262149191,Norwood,Lind,norwood.lind@email.com,User123#
ucb-262140621,Fermin,Dickens,fermin.dickens@email.com,User123#
ucb-262140365,Jefferey,Fahey,jefferey.fahey@email.com,User123#
ucb-262147325,Jo,Harris,jo.harris@email.com,User123#
ucb-262144349,Aurelia,Wintheiser,aurelia.wintheiser@email.com,User123#
ucb-262141403,Estel,Gutkowski,estel.gutkowski@email.com,User123#
ucb-262142988,Gladys,Swaniawski,gladys.swaniawski@email.com,User123#
ucb-262146089,Ahmed,Ortiz,ahmed.ortiz@email.com,User123#
ucb-262141366,Arnaldo,Ferry,arnaldo.ferry@email.com,User123#
ucb-262146778,Autumn,Rice,autumn.rice@email.com,User123#
ucb-262145083,Murphy,Leffler,murphy.leffler@email.com,User123#
ucb-262149394,Una,Hauck,una.hauck@email.com,User123#
ucb-262140207,Russ,Cormier,russ.cormier@email.com,User123#
ucb-262148655,Lemuel,Streich,lemuel.streich@email.com,User123#
ucb-262143090,Elsie,Casper,elsie.casper@email.com,User123#
ucb-262147054,Beth,Crona,beth.crona@email.com,User123#
ucb-262147295,Luciano,Orn,luciano.orn@email.com,User123#
ucb-262142862,Jerry,Dooley,jerry.dooley@email.com,User123#
ucb-262144364,Rhoda,Walsh,rhoda.walsh@email.com,User123#
ucb-262148319,Eudora,Collier,eudora.collier@email.com,User123#
ucb-262143832,Easter,Huels,easter.huels@email.com,User123#
ucb-262144213,Clifford,Carroll,clifford.carroll@email.com,User123#
ucb-262140509,Guy,Wehner,guy.wehner@email.com,User123#
ucb-262145851,Maude,Quigley,maude.quigley@email.com,User123#
ucb-262148125,Lily,Moore,lily.moore@email.com,User123#
ucb-262145938,Alaina,Denesik,alaina.denesik@email.com,User123#
ucb-262147184,Deon,Parisian,deon.parisian@email.com,User123#
ucb-262147460,Jamison,O'Hara,jamison.o'hara@email.com,User123#
ucb-262147000,Marley,Johnston,marley.johnston@email.com,User123#
ucb-262147274,Coy,Bosco,coy.bosco@email.com,User123#
ucb-262149117,Darron,Runte,darron.runte@email.com,User123#
ucb-262145866,Ada,Hane,ada.hane@email.com,User123#
ucb-262140352,Lia,Kunde,lia.kunde@email.com,User123#
ucb-262142027,Donato,Ritchie,donato.ritchie@email.com,User123#
ucb-262144681,Angie,DuBuque,angie.dubuque@email.com,User123#
ucb-262145915,Cynthia,Heathcote,cynthia.heathcote@email.com,User123#
ucb-262140338,Oliver,Buckridge,oliver.buckridge@email.com,User123#
ucb-262146657,Jamey,McLaughlin,jamey.mclaughlin@email.com,User123#
ucb-262145025,Anabelle,Stoltenberg,anabelle.stoltenberg@email.com,User123#
ucb-262146581,Yasmine,Murphy,yasmine.murphy@email.com,User123#
ucb-262145420,Darrell,Rau,darrell.rau@email.com,User123#
ucb-262140272,Selina,Kuhic,selina.kuhic@email.com,User123#
ucb-262145688,Jamar,Prohaska,jamar.prohaska@email.com,User123#
ucb-262149043,Charity,Welch,charity.welch@email.com,User123#
ucb-262144108,Sven,Brekke,sven.brekke@email.com,User123#
ucb-262146690,Dejon,Upton,dejon.upton@email.com,User123#
ucb-262145207,Esmeralda,Macejkovic,esmeralda.macejkovic@email.com,User123#
ucb-262141730,Skye,Harris,skye.harris@email.com,User123#
ucb-262142743,Jordyn,Jast,jordyn.jast@email.com,User123#
ucb-262141327,Gracie,Zemlak,gracie.zemlak@email.com,User123#
ucb-262140842,Fae,Ankunding,fae.ankunding@email.com,User123#
ucb-262144181,Tania,Blick,tania.blick@email.com,User123#
ucb-262143189,Furman,Von,furman.von@email.com,User123#
ucb-262145720,Elva,Greenfelder,elva.greenfelder@email.com,User123#
ucb-262144333,Sigrid,Legros,sigrid.legros@email.com,User123#
ucb-262140657,Marcellus,McDermott,marcellus.mcdermott@email.com,User123#
ucb-262149178,Shyann,O'Hara,shyann.o'hara@email.com,User123#
ucb-262141536,Randy,Wolff,randy.wolff@email.com,User123#
ucb-262141571,Jarrett,Runte,jarrett.runte@email.com,User123#
ucb-262140836,Shakira,Jaskolski,shakira.jaskolski@email.com,User123#
ucb-262147144,Jeanette,Brakus,jeanette.brakus@email.com,User123#
ucb-262147900,Deon,Fadel,deon.fadel@email.com,User123#
ucb-262148914,Brycen,Ritchie,brycen.ritchie@email.com,User123#
ucb-262142250,Raleigh,Jakubowski,raleigh.jakubowski@email.com,User123#
ucb-262149247,Consuelo,Vandervort,consuelo.vandervort@email.com,User123#
ucb-262143410,Verna,Huel,verna.huel@email.com,User123#
ucb-262147482,Stan,Gerhold,stan.gerhold@email.com,User123#
ucb-262144680,Kaylee,Goldner,kaylee.goldner@email.com,User123#
ucb-262147628,Kristin,Legros,kristin.legros@email.com,User123#
ucb-262141699,Marilou,West,marilou.west@email.com,User123#
ucb-262145401,Ludie,Klein,ludie.klein@email.com,User123#
ucb-262146448,Prince,Bernier,prince.bernier@email.com,User123#
ucb-262145629,Chet,Jakubowski,chet.jakubowski@email.com,User123#
ucb-262147021,Noemie,VonRueden,noemie.vonrueden@email.com,User123#
ucb-262141023,Angie,Moore,angie.moore@email.com,User123#
ucb-262140040,Ewell,Schinner,ewell.schinner@email.com,User123#
ucb-262144825,Efrain,McClure,efrain.mcclure@email.com,User123#
ucb-262149783,Mathias,Boyer,mathias.boyer@email.com,User123#
ucb-262147484,Branson,Breitenberg,branson.breitenberg@email.com,User123#
ucb-262147975,Ernestine,Simonis,ernestine.simonis@email.com,User123#
ucb-262141185,Ricky,Daniel,ricky.daniel@email.com,User123#
ucb-262144485,Madisyn,Bernhard,madisyn.bernhard@email.com,User123#
ucb-262146616,Mae,Friesen,mae.friesen@email.com,User123#
ucb-262140087,Autumn,Labadie,autumn.labadie@email.com,User123#
ucb-262148249,Wilfred,White,wilfred.white@email.com,User123#
ucb-262143626,Susana,Gulgowski,susana.gulgowski@email.com,User123#
ucb-262143059,Anika,Reilly,anika.reilly@email.com,User123#
ucb-262149316,Andreane,Tremblay,andreane.tremblay@email.com,User123#
ucb-262149995,Chanel,Johnston,chanel.johnston@email.com,User123#
ucb-262143824,Chesley,Becker,chesley.becker@email.com,User123#
ucb-262143661,Nestor,White,nestor.white@email.com,User123#
ucb-262143262,Stanley,Huels,stanley.huels@email.com,User123#
ucb-262149392,Maxine,Boyer,maxine.boyer@email.com,User123#
ucb-262143467,Jimmy,Hyatt,jimmy.hyatt@email.com,User123#
ucb-262144364,Marjory,Shields,marjory.shields@email.com,User123#
ucb-262145713,Emil,Marks,emil.marks@email.com,User123#
ucb-262140370,Kayla,Bechtelar,kayla.bechtelar@email.com,User123#
ucb-262142593,Eden,Wisoky,eden.wisoky@email.com,User123#
ucb-262149366,Cecilia,Koelpin,cecilia.koelpin@email.com,User123#
ucb-262141977,Rocky,Howell,rocky.howell@email.com,User123#
ucb-262142951,Stanley,Wyman,stanley.wyman@email.com,User123#
ucb-262141034,Sim,Ratke,sim.ratke@email.com,User123#
ucb-262143907,Tania,Rempel,tania.rempel@email.com,User123#
ucb-262146135,Zackary,Davis,zackary.davis@email.com,User123#
ucb-262140517,Russell,Schmitt,russell.schmitt@email.com,User123#
ucb-262147476,Ransom,Connelly,ransom.connelly@email.com,User123#
ucb-262144247,Ted,Bradtke,ted.bradtke@email.com,User123#
ucb-262143333,Ova,Lindgren,ova.lindgren@email.com,User123#
ucb-262145452,Gilberto,Bashirian,gilberto.bashirian@email.com,User123#
ucb-262147568,Cristopher,Trantow,cristopher.trantow@email.com,User123#
ucb-262146536,Ilene,Ziemann,ilene.ziemann@email.com,User123#
ucb-262145244,Ewell,Lesch,ewell.lesch@email.com,User123#
ucb-262145352,Edythe,Doyle,edythe.doyle@email.com,User123#
ucb-262149027,Dameon,Jacobson,dameon.jacobson@email.com,User123#
ucb-262146249,Arturo,Jast,arturo.jast@email.com,User123#
ucb-262141005,Aidan,Botsford,aidan.botsford@email.com,User123#
ucb-262144007,Brennon,Welch,brennon.welch@email.com,User123#
ucb-262141182,Libby,Zemlak,libby.zemlak@email.com,User123#
ucb-262141016,Amaya,Armstrong,amaya.armstrong@email.com,User123#
ucb-262141187,Tamara,Marks,tamara.marks@email.com,User123#
ucb-262146567,Abdullah,Braun,abdullah.braun@email.com,User123#
ucb-262147560,Davonte,Cole,davonte.cole@email.com,User123#
ucb-262141966,Carolyne,Zemlak,carolyne.zemlak@email.com,User123#
ucb-262142195,Darion,Cremin,darion.cremin@email.com,User123#
ucb-262149655,Breanna,Mitchell,breanna.mitchell@email.com,User123#
ucb-262141416,Jaylan,Kulas,jaylan.kulas@email.com,User123#
ucb-262149430,Jeff,Reynolds,jeff.reynolds@email.com,User123#
ucb-262149546,Hans,McDermott,hans.mcdermott@email.com,User123#
ucb-262146466,Asha,Skiles,asha.skiles@email.com,User123#
ucb-262141255,Ronaldo,Batz,ronaldo.batz@email.com,User123#
ucb-262143773,George,Becker,george.becker@email.com,User123#
ucb-262148171,Ibrahim,Bogisich,ibrahim.bogisich@email.com,User123#
ucb-262145083,Amber,Gerhold,amber.gerhold@email.com,User123#
ucb-262146531,Madelynn,Hansen,madelynn.hansen@email.com,User123#
ucb-262146615,Lisandro,Ratke,lisandro.ratke@email.com,User123#
ucb-262147416,Daphnee,Oberbrunner,daphnee.oberbrunner@email.com,User123#
ucb-262147062,Jeffery,Rogahn,jeffery.rogahn@email.com,User123#
ucb-262147567,Asha,Collier,asha.collier@email.com,User123#
ucb-262145516,Santa,Larson,santa.larson@email.com,User123#
ucb-262147113,Merle,Monahan,merle.monahan@email.com,User123#
ucb-262145470,Nellie,Ziemann,nellie.ziemann@email.com,User123#
ucb-262141066,Cali,Friesen,cali.friesen@email.com,User123#
ucb-262143469,Jesus,Heidenreich,jesus.heidenreich@email.com,User123#
ucb-262148035,Regan,Little,regan.little@email.com,User123#
ucb-262143749,Luella,Lesch,luella.lesch@email.com,User123#
ucb-262143581,Imogene,Bednar,imogene.bednar@email.com,User123#
ucb-262144131,Linwood,Balistreri,linwood.balistreri@email.com,User123#
ucb-262141091,Deion,Gleichner,deion.gleichner@email.com,User123#
ucb-262148727,Abdiel,Heller,abdiel.heller@email.com,User123#
ucb-262145207,Kiley,Rosenbaum,kiley.rosenbaum@email.com,User123#
ucb-262140394,Ewald,Feest,ewald.feest@email.com,User123#
ucb-262144555,Sofia,Johnston,sofia.johnston@email.com,User123#
ucb-262149682,Rylee,Fay,rylee.fay@email.com,User123#
ucb-262144758,Arnoldo,Shanahan,arnoldo.shanahan@email.com,User123#
ucb-262144165,Jed,Gulgowski,jed.gulgowski@email.com,User123#
ucb-262141479,Jany,Considine,jany.considine@email.com,User123#
ucb-262145854,Elsa,Witting,elsa.witting@email.com,User123#
ucb-262142856,Cornelius,O'Connell,cornelius.o'connell@email.com,User123#
ucb-262145956,Benjamin,Farrell,benjamin.farrell@email.com,User123#
ucb-262143011,Sonny,Jacobson,sonny.jacobson@email.com,User123#
ucb-262144863,Jeromy,Will,jeromy.will@email.com,User123#
ucb-262144121,Jacey,Kirlin,jacey.kirlin@email.com,User123#
ucb-262148393,Dock,Medhurst,dock.medhurst@email.com,User123#
ucb-262147508,Kayla,Balistreri,kayla.balistreri@email.com,User123#
ucb-262147563,Bernard,Mohr,bernard.mohr@email.com,User123#
ucb-262148956,Bianka,Dare,bianka.dare@email.com,User123#
ucb-262140691,Casey,Leffler,casey.leffler@email.com,User123#
ucb-262149945,Dortha,Fay,dortha.fay@email.com,User123#
ucb-262141112,Janet,Sauer,janet.sauer@email.com,User123#
ucb-262147135,Jorge,Predovic,jorge.predovic@email.com,User123#
ucb-262142670,Leon,Runolfsdottir,leon.runolfsdottir@email.com,User123#
ucb-262144151,Casimir,Hackett,casimir.hackett@email.com,User123#
ucb-262140825,Leo,Murphy,leo.murphy@email.com,User123#
ucb-262142862,Marcus,Konopelski,marcus.konopelski@email.com,User123#
ucb-262144236,Leila,Jacobi,leila.jacobi@email.com,User123#
ucb-262147508,Bobbie,Bashirian,bobbie.bashirian@email.com,User123#
ucb-262145727,Savion,Eichmann,savion.eichmann@email.com,User123#
ucb-262145270,Nathan,Ruecker,nathan.ruecker@email.com,User123#
ucb-262140592,Saige,Gottlieb,saige.gottlieb@email.com,User123#
ucb-262141649,General,Murazik,general.murazik@email.com,User123#
ucb-262144310,Jerome,Williamson,jerome.williamson@email.com,User123#
ucb-262145601,Monique,Schmitt,monique.schmitt@email.com,User123#
ucb-262147110,Porter,Boehm,porter.boehm@email.com,User123#
ucb-262148009,Arno,Weber,arno.weber@email.com,User123#
ucb-262145363,Willis,Fahey,willis.fahey@email.com,User123#
ucb-262140760,Orpha,Bechtelar,orpha.bechtelar@email.com,User123#
ucb-262146770,Carolina,Rippin,carolina.rippin@email.com,User123#
ucb-262142635,Candice,Schaden,candice.schaden@email.com,User123#
ucb-262147846,Golda,Stroman,golda.stroman@email.com,User123#
ucb-262141096,Mack,Abbott,mack.abbott@email.com,User123#
ucb-262148237,Jett,Price,jett.price@email.com,User123#
ucb-262148456,Maybelle,Schoen,maybelle.schoen@email.com,User123#
ucb-262145114,Cletus,Russel,cletus.russel@email.com,User123#
ucb-262148471,Wyman,Rohan,wyman.rohan@email.com,User123#
ucb-262144991,Chloe,Kuphal,chloe.kuphal@email.com,User123#
ucb-262141230,Reinhold,Dibbert,reinhold.dibbert@email.com,User123#
ucb-262143871,Effie,Mayert,effie.mayert@email.com,User123#
ucb-262140662,Collin,Kulas,collin.kulas@email.com,User123#
ucb-262144528,Chase,Jacobi,chase.jacobi@email.com,User123#
ucb-262143899,Westley,Wiza,westley.wiza@email.com,User123#
ucb-262149226,Janelle,Runte,janelle.runte@email.com,User123#
ucb-262144545,Margot,Beer,margot.beer@email.com,User123#
ucb-262142138,Nicole,Volkman,nicole.volkman@email.com,User123#
ucb-262147288,Winifred,Graham,winifred.graham@email.com,User123#
ucb-262141705,Wilbert,Bergstrom,wilbert.bergstrom@email.com,User123#
ucb-262142044,Vernie,Hirthe,vernie.hirthe@email.com,User123#
ucb-262148535,Selena,Lesch,selena.lesch@email.com,User123#
ucb-262147867,Lucious,Shanahan,lucious.shanahan@email.com,User123#
ucb-262145837,Myron,Rohan,myron.rohan@email.com,User123#
ucb-262140576,Verla,McDermott,verla.mcdermott@email.com,User123#
ucb-262147344,Stephan,Kuvalis,stephan.kuvalis@email.com,User123#
ucb-262145028,Myrtice,Walsh,myrtice.walsh@email.com,User123#
ucb-262140229,Morris,Padberg,morris.padberg@email.com,User123#
ucb-262143783,Foster,Connelly,foster.connelly@email.com,User123#
ucb-262147084,Dashawn,Streich,dashawn.streich@email.com,User123#
ucb-262143083,Lowell,Hoppe,lowell.hoppe@email.com,User123#
ucb-262145924,Korbin,Schuster,korbin.schuster@email.com,User123#
ucb-262148218,Mikayla,Kemmer,mikayla.kemmer@email.com,User123#
ucb-262140365,Arlene,Jacobs,arlene.jacobs@email.com,User123#
ucb-262149597,Cicero,Johns,cicero.johns@email.com,User123#
ucb-262147117,Itzel,Smitham,itzel.smitham@email.com,User123#
ucb-262149276,Kailee,Ernser,kailee.ernser@email.com,User123#
ucb-262141867,Meghan,Walker,meghan.walker@email.com,User123#
ucb-262149665,Uriel,Erdman,uriel.erdman@email.com,User123#
ucb-262146184,Martin,Klein,martin.klein@email.com,User123#
ucb-262140735,Rubie,Hauck,rubie.hauck@email.com,User123#
ucb-262144986,Monique,Lind,monique.lind@email.com,User123#
ucb-262144130,Amanda,Koepp,amanda.koepp@email.com,User123#
ucb-262147759,Araceli,Miller,araceli.miller@email.com,User123#
ucb-262147681,Caleigh,Spencer,caleigh.spencer@email.com,User123#
ucb-262145294,Kasandra,Fay,kasandra.fay@email.com,User123#
ucb-262146784,Aida,Hamill,aida.hamill@email.com,User123#
ucb-262148279,Emelia,Breitenberg,emelia.breitenberg@email.com,User123#
ucb-262146468,Rigoberto,Quigley,rigoberto.quigley@email.com,User123#
ucb-262145913,Gregory,Nitzsche,gregory.nitzsche@email.com,User123#
ucb-262149221,Immanuel,Gleason,immanuel.gleason@email.com,User123#
ucb-262149326,Skye,Stroman,skye.stroman@email.com,User123#
ucb-262148028,Hope,Olson,hope.olson@email.com,User123#
ucb-262146066,Destany,Schamberger,destany.schamberger@email.com,User123#
ucb-262143516,Katelin,Brown,katelin.brown@email.com,User123#
ucb-262140081,Valentina,Bashirian,valentina.bashirian@email.com,User123#
ucb-262148166,Juliet,Frami,juliet.frami@email.com,User123#
ucb-262146084,Reba,Bartoletti,reba.bartoletti@email.com,User123#
ucb-262140703,Ike,Lebsack,ike.lebsack@email.com,User123#
ucb-262149470,Gideon,Windler,gideon.windler@email.com,User123#
ucb-262144409,Arnoldo,Schmeler,arnoldo.schmeler@email.com,User123#
ucb-262143667,Natalia,Jerde,natalia.jerde@email.com,User123#
ucb-262148996,Melyssa,Becker,melyssa.becker@email.com,User123#
ucb-262141122,Dino,Schuppe,dino.schuppe@email.com,User123#
ucb-262144840,Adaline,Monahan,adaline.monahan@email.com,User123#
ucb-262144508,Anne,Champlin,anne.champlin@email.com,User123#
ucb-262148295,Fredy,Rath,fredy.rath@email.com,User123#
ucb-262143470,Pinkie,Kihn,pinkie.kihn@email.com,User123#
ucb-262142485,Agustin,Kunde,agustin.kunde@email.com,User123#
ucb-262143409,Ettie,Haag,ettie.haag@email.com,User123#
ucb-262141352,Hermina,Wiza,hermina.wiza@email.com,User123#
ucb-262147501,Madonna,Carroll,madonna.carroll@email.com,User123#
ucb-262142599,Rashawn,Yost,rashawn.yost@email.com,User123#
ucb-262141772,Hudson,Reinger,hudson.reinger@email.com,User123#
ucb-262148397,Estelle,Schmidt,estelle.schmidt@email.com,User123#
ucb-262146221,Barry,Monahan,barry.monahan@email.com,User123#
ucb-262141399,Elwin,Kuhlman,elwin.kuhlman@email.com,User123#
ucb-262141123,Tyree,Tromp,tyree.tromp@email.com,User123#
ucb-262140344,Eunice,Toy,eunice.toy@email.com,User123#
ucb-262147044,Evan,Schulist,evan.schulist@email.com,User123#
ucb-262148026,Eleonore,Runolfsson,eleonore.runolfsson@email.com,User123#
ucb-262140419,Pearl,Rempel,pearl.rempel@email.com,User123#
ucb-262149465,Gaston,Welch,gaston.welch@email.com,User123#
ucb-262145870,Tony,Langosh,tony.langosh@email.com,User123#
ucb-262146554,Yvonne,Hackett,yvonne.hackett@email.com,User123#
ucb-262145321,Kayden,Streich,kayden.streich@email.com,User123#
ucb-262149383,Fern,Witting,fern.witting@email.com,User123#
ucb-262145221,Dashawn,DuBuque,dashawn.dubuque@email.com,User123#
ucb-262140434,Noe,Homenick,noe.homenick@email.com,User123#
ucb-262145355,Donald,Zieme,donald.zieme@email.com,User123#
ucb-262141630,Pearl,Jakubowski,pearl.jakubowski@email.com,User123#
ucb-262145340,Kaden,Marvin,kaden.marvin@email.com,User123#
ucb-262149022,Abigail,Ferry,abigail.ferry@email.com,User123#
ucb-262146315,Dante,Satterfield,dante.satterfield@email.com,User123#
ucb-262148619,Tavares,Gerhold,tavares.gerhold@email.com,User123#
ucb-262148764,Alvina,Okuneva,alvina.okuneva@email.com,User123#
ucb-262148085,Florida,Swift,florida.swift@email.com,User123#
ucb-262141746,Lukas,Gorczany,lukas.gorczany@email.com,User123#
ucb-262143695,Cleve,Legros,cleve.legros@email.com,User123#
ucb-262144372,Cindy,Mann,cindy.mann@email.com,User123#
ucb-262142383,Daphnee,Purdy,daphnee.purdy@email.com,User123#
ucb-262143810,Domenica,Greenfelder,domenica.greenfelder@email.com,User123#
ucb-262149897,Ferne,Dare,ferne.dare@email.com,User123#
ucb-262142432,Annetta,Watsica,annetta.watsica@email.com,User123#
ucb-262148612,Adeline,Corkery,adeline.corkery@email.com,User123#
ucb-262145027,Shane,Armstrong,shane.armstrong@email.com,User123#
ucb-262143358,Katelin,Grady,katelin.grady@email.com,User123#
ucb-262149369,Urban,Fisher,urban.fisher@email.com,User123#
ucb-262147686,Dovie,Goyette,dovie.goyette@email.com,User123#
ucb-262143165,Jorge,Kunde,jorge.kunde@email.com,User123#
ucb-262142297,Trudie,Fay,trudie.fay@email.com,User123#
ucb-262145563,Ezequiel,Funk,ezequiel.funk@email.com,User123#
ucb-262146494,Marianna,Hills,marianna.hills@email.com,User123#
ucb-262146372,Albertha,Okuneva,albertha.okuneva@email.com,User123#
ucb-262149743,Jerrell,Streich,jerrell.streich@email.com,User123#
ucb-262147042,Rachelle,Stanton,rachelle.stanton@email.com,User123#
ucb-262144922,Deion,Cole,deion.cole@email.com,User123#
ucb-262142087,Kathryne,Effertz,kathryne.effertz@email.com,User123#
ucb-262142043,Hilma,Ledner,hilma.ledner@email.com,User123#
ucb-262142691,Jany,Donnelly,jany.donnelly@email.com,User123#
ucb-262142482,Eldon,Pfeffer,eldon.pfeffer@email.com,User123#
ucb-262142367,Arianna,Dooley,arianna.dooley@email.com,User123#
ucb-262148553,Lulu,Morar,lulu.morar@email.com,User123#
ucb-262140980,Winston,Grady,winston.grady@email.com,User123#
ucb-262148150,Eulalia,Erdman,eulalia.erdman@email.com,User123#
ucb-262144920,Viva,Hilll,viva.hilll@email.com,User123#
ucb-262140613,Leonora,Lind,leonora.lind@email.com,User123#
ucb-262146198,Frank,Eichmann,frank.eichmann@email.com,User123#
ucb-262145482,Kari,Oberbrunner,kari.oberbrunner@email.com,User123#
ucb-262146973,Salma,Kub,salma.kub@email.com,User123#
ucb-262149601,Evelyn,Streich,evelyn.streich@email.com,User123#
ucb-262147606,Mike,Cremin,mike.cremin@email.com,User123#
ucb-262143167,Jordyn,Friesen,jordyn.friesen@email.com,User123#
ucb-262146922,Giles,Goodwin,giles.goodwin@email.com,User123#
ucb-262140408,Kristian,Collins,kristian.collins@email.com,User123#
ucb-262147672,Oma,Zieme,oma.zieme@email.com,User123#
ucb-262142386,Jessie,Ankunding,jessie.ankunding@email.com,User123#
ucb-262144855,Brian,Bernier,brian.bernier@email.com,User123#
ucb-262147088,Kira,Funk,kira.funk@email.com,User123#
ucb-262148876,Sadie,Cole,sadie.cole@email.com,User123#
ucb-262140565,Jude,Gorczany,jude.gorczany@email.com,User123#
ucb-262148292,Kelsie,Jerde,kelsie.jerde@email.com,User123#
ucb-262142805,Gage,Langworth,gage.langworth@email.com,User123#
ucb-262144348,Jamie,Waters,jamie.waters@email.com,User123#
ucb-262143793,Mafalda,O'Reilly,mafalda.o'reilly@email.com,User123#
ucb-262143195,Mikayla,Swift,mikayla.swift@email.com,User123#
ucb-262142556,Demetrius,Welch,demetrius.welch@email.com,User123#
ucb-262148991,Eldridge,Eichmann,eldridge.eichmann@email.com,User123#
ucb-262148208,Magali,Bogan,magali.bogan@email.com,User123#
ucb-262146373,Candace,Mraz,candace.mraz@email.com,User123#
ucb-262148595,Amina,Kshlerin,amina.kshlerin@email.com,User123#
ucb-262140896,Joaquin,O'Conner,joaquin.o'conner@email.com,User123#
ucb-262148307,Elza,Gutmann,elza.gutmann@email.com,User123#
ucb-262141016,Royce,Treutel,royce.treutel@email.com,User123#
ucb-262141668,Ivory,Veum,ivory.veum@email.com,User123#
ucb-262144760,Syble,Huel,syble.huel@email.com,User123#
ucb-262142026,Birdie,Lang,birdie.lang@email.com,User123#
ucb-262149152,Krystel,Langosh,krystel.langosh@email.com,User123#
ucb-262148768,Jaden,Friesen,jaden.friesen@email.com,User123#
ucb-262148773,Bulah,Prohaska,bulah.prohaska@email.com,User123#
ucb-262141972,Gregorio,Medhurst,gregorio.medhurst@email.com,User123#
ucb-262148504,Abby,Smitham,abby.smitham@email.com,User123#
ucb-262148727,Jaden,Thiel,jaden.thiel@email.com,User123#
ucb-262146014,Verda,Beier,verda.beier@email.com,User123#
ucb-262142468,Billy,Orn,billy.orn@email.com,User123#
ucb-262143141,Brook,Wunsch,brook.wunsch@email.com,User123#
ucb-262142931,Rex,Denesik,rex.denesik@email.com,User123#
ucb-262144086,Tamara,Rohan,tamara.rohan@email.com,User123#
ucb-262140692,Curt,Simonis,curt.simonis@email.com,User123#
ucb-262148596,Nickolas,Swaniawski,nickolas.swaniawski@email.com,User123#
ucb-262146207,Selena,Turcotte,selena.turcotte@email.com,User123#
ucb-262143850,Jennie,Macejkovic,jennie.macejkovic@email.com,User123#
ucb-262140036,Conner,Donnelly,conner.donnelly@email.com,User123#
ucb-262144260,Beaulah,Bayer,beaulah.bayer@email.com,User123#
ucb-262145369,Einar,Stamm,einar.stamm@email.com,User123#
ucb-262142163,Theresa,Marquardt,theresa.marquardt@email.com,User123#
ucb-262146885,Liliana,Armstrong,liliana.armstrong@email.com,User123#
ucb-262142647,Lilyan,Considine,lilyan.considine@email.com,User123#
ucb-262141875,Mylene,Roberts,mylene.roberts@email.com,User123#
ucb-262149966,Prince,Murray,prince.murray@email.com,User123#
ucb-262147591,Era,Strosin,era.strosin@email.com,User123#
ucb-262148242,Magdalena,Ledner,magdalena.ledner@email.com,User123#
ucb-262146967,Garrick,Armstrong,garrick.armstrong@email.com,User123#
ucb-262140338,Hoyt,Ledner,hoyt.ledner@email.com,User123#
ucb-262142071,Felicity,White,felicity.white@email.com,User123#
ucb-262147298,Jared,McCullough,jared.mccullough@email.com,User123#
ucb-262141776,Allison,Cartwright,allison.cartwright@email.com,User123#
ucb-262149038,Nathanael,Farrell,nathanael.farrell@email.com,User123#
ucb-262144971,Marilie,Skiles,marilie.skiles@email.com,User123#
ucb-262143052,Destany,Sporer,destany.sporer@email.com,User123#
ucb-262147964,Verna,Donnelly,verna.donnelly@email.com,User123#
ucb-262146300,Karl,Pfeffer,karl.pfeffer@email.com,User123#
ucb-262149952,Phoebe,Witting,phoebe.witting@email.com,User123#
ucb-262147409,Kaya,Blanda,kaya.blanda@email.com,User123#
ucb-262146491,Keshaun,Bartell,keshaun.bartell@email.com,User123#
ucb-262144507,Laverne,Medhurst,laverne.medhurst@email.com,User123#
ucb-262149923,Faye,Upton,faye.upton@email.com,User123#
ucb-262142094,Joan,Sauer,joan.sauer@email.com,User123#
ucb-262147636,Sam,Greenfelder,sam.greenfelder@email.com,User123#
ucb-262147584,Idell,Powlowski,idell.powlowski@email.com,User123#
ucb-262146504,Donny,Connelly,donny.connelly@email.com,User123#
ucb-262141000,Rosalyn,Purdy,rosalyn.purdy@email.com,User123#
ucb-262145770,Hellen,Braun,hellen.braun@email.com,User123#
ucb-262146188,Rubie,Hilpert,rubie.hilpert@email.com,User123#
ucb-262144529,Christiana,Wyman,christiana.wyman@email.com,User123#
ucb-262142045,Alta,Hessel,alta.hessel@email.com,User123#
ucb-262143425,Brandy,Wisoky,brandy.wisoky@email.com,User123#
ucb-262142707,Eusebio,Farrell,eusebio.farrell@email.com,User123#
ucb-262143634,Nicolas,Ledner,nicolas.ledner@email.com,User123#
ucb-262144671,Martina,Wyman,martina.wyman@email.com,User123#
ucb-262143865,Lysanne,Robel,lysanne.robel@email.com,User123#
ucb-262149955,Bria,Harris,bria.harris@email.com,User123#
ucb-262140028,Helga,Wuckert,helga.wuckert@email.com,User123#
ucb-262149288,Lilliana,Langworth,lilliana.langworth@email.com,User123#
ucb-262145071,Kavon,Gutkowski,kavon.gutkowski@email.com,User123#
ucb-262141778,Treva,Hackett,treva.hackett@email.com,User123#
ucb-262140620,Winifred,Dicki,winifred.dicki@email.com,User123#
ucb-262142843,Vicenta,Wisoky,vicenta.wisoky@email.com,User123#
ucb-262143349,Dorothy,Rath,dorothy.rath@email.com,User123#
ucb-262143564,Davon,Rippin,davon.rippin@email.com,User123#
ucb-262148220,Lonzo,Towne,lonzo.towne@email.com,User123#
ucb-262141663,Vivien,Howe,vivien.howe@email.com,User123#
ucb-262146520,Orin,Corkery,orin.corkery@email.com,User123#
ucb-262149697,Emil,West,emil.west@email.com,User123#
ucb-262140621,Colin,Torp,colin.torp@email.com,User123#
ucb-262146584,Timothy,Rath,timothy.rath@email.com,User123#
ucb-262148272,Donnie,Ankunding,donnie.ankunding@email.com,User123#
ucb-262142060,Javon,Howell,javon.howell@email.com,User123#
ucb-262147517,Ebony,Casper,ebony.casper@email.com,User123#
ucb-262145901,Milan,Crist,milan.crist@email.com,User123#
ucb-262142994,Myrtle,Hermann,myrtle.hermann@email.com,User123#
ucb-262147554,Hattie,Krajcik,hattie.krajcik@email.com,User123#
ucb-262143928,Marcelina,Turner,marcelina.turner@email.com,User123#
ucb-262145615,Destany,Jacobson,destany.jacobson@email.com,User123#
ucb-262149154,George,Kuhn,george.kuhn@email.com,User123#
ucb-262147466,Jacey,Boyle,jacey.boyle@email.com,User123#
ucb-262142121,Rubie,Kozey,rubie.kozey@email.com,User123#
ucb-262143555,Toni,Tremblay,toni.tremblay@email.com,User123#
ucb-262148455,Domenick,Kilback,domenick.kilback@email.com,User123#
ucb-262144818,Gaston,Stroman,gaston.stroman@email.com,User123#
ucb-262148813,Rita,Nader,rita.nader@email.com,User123#
ucb-262141417,Myra,Sauer,myra.sauer@email.com,User123#
ucb-262148370,Kristina,Boyer,kristina.boyer@email.com,User123#
ucb-262146947,Glennie,Greenfelder,glennie.greenfelder@email.com,User123#
ucb-262149270,Geoffrey,Connelly,geoffrey.connelly@email.com,User123#
ucb-262148748,Athena,Ondricka,athena.ondricka@email.com,User123#
ucb-262142852,Javon,McGlynn,javon.mcglynn@email.com,User123#
ucb-262148949,Jeffry,Kuhlman,jeffry.kuhlman@email.com,User123#
ucb-262146974,Harvey,Schulist,harvey.schulist@email.com,User123#
ucb-262141546,Dolores,Stoltenberg,dolores.stoltenberg@email.com,User123#
ucb-262144674,Fay,Cormier,fay.cormier@email.com,User123#
ucb-262144675,Nettie,Blick,nettie.blick@email.com,User123#
ucb-262141314,Orrin,Morissette,orrin.morissette@email.com,User123#
ucb-262140967,Sherman,Smitham,sherman.smitham@email.com,User123#
ucb-262141989,Mireille,Hartmann,mireille.hartmann@email.com,User123#
ucb-262145765,Juanita,Schowalter,juanita.schowalter@email.com,User123#
ucb-262142553,Keanu,Collins,keanu.collins@email.com,User123#
ucb-262147826,Victor,Rath,victor.rath@email.com,User123#
ucb-262145658,Chelsey,West,chelsey.west@email.com,User123#
ucb-262140475,Princess,Jerde,princess.jerde@email.com,User123#
ucb-262145348,Myles,Thompson,myles.thompson@email.com,User123#
ucb-262140109,Nicole,Kuhic,nicole.kuhic@email.com,User123#
ucb-262142668,Barney,Streich,barney.streich@email.com,User123#
ucb-262145196,Hubert,Barrows,hubert.barrows@email.com,User123#
ucb-262142665,Jaylin,Kilback,jaylin.kilback@email.com,User123#
ucb-262147457,Felicita,Mohr,felicita.mohr@email.com,User123#
ucb-262145514,Augusta,Yost,augusta.yost@email.com,User123#
ucb-262147872,Jalyn,Rempel,jalyn.rempel@email.com,User123#
ucb-262141845,Felicity,Kris,felicity.kris@email.com,User123#
ucb-262146140,Yasmine,Welch,yasmine.welch@email.com,User123#
ucb-262142656,Quinten,Gaylord,quinten.gaylord@email.com,User123#
ucb-262148494,Harley,Russel,harley.russel@email.com,User123#
ucb-262147357,Rosella,McDermott,rosella.mcdermott@email.com,User123#
ucb-262142365,Nella,Rogahn,nella.rogahn@email.com,User123#
ucb-262148224,Enos,Strosin,enos.strosin@email.com,User123#
ucb-262144612,Melody,Ziemann,melody.ziemann@email.com,User123#
ucb-262140191,Kasey,Dare,kasey.dare@email.com,User123#
ucb-262142225,Kaycee,Stroman,kaycee.stroman@email.com,User123#
ucb-262146387,Jordyn,Marvin,jordyn.marvin@email.com,User123#
ucb-262149927,Alan,Stroman,alan.stroman@email.com,User123#
ucb-262146330,Stevie,Romaguera,stevie.romaguera@email.com,User123#
ucb-262142816,Anderson,Mraz,anderson.mraz@email.com,User123#
ucb-262144133,Jamison,Koelpin,jamison.koelpin@email.com,User123#
ucb-262145745,Alberta,Rogahn,alberta.rogahn@email.com,User123#
ucb-262142646,Adolf,Greenfelder,adolf.greenfelder@email.com,User123#
ucb-262144401,Zelda,Bogisich,zelda.bogisich@email.com,User123#
ucb-262144177,Rashad,Bernhard,rashad.bernhard@email.com,User123#
ucb-262142468,Elmore,Kutch,elmore.kutch@email.com,User123#
ucb-262143304,Isadore,Heller,isadore.heller@email.com,User123#
ucb-262146943,Harmony,Hand,harmony.hand@email.com,User123#
ucb-262145457,Vicenta,Erdman,vicenta.erdman@email.com,User123#
ucb-262141011,Alysa,Dicki,alysa.dicki@email.com,User123#
ucb-262144936,Alanis,Kub,alanis.kub@email.com,User123#
ucb-262142753,Beth,O'Hara,beth.o'hara@email.com,User123#
ucb-262147474,Freida,Adams,freida.adams@email.com,User123#
ucb-262142505,Nya,Wintheiser,nya.wintheiser@email.com,User123#
ucb-262140897,Quinton,Jacobs,quinton.jacobs@email.com,User123#
ucb-262147893,Caroline,Effertz,caroline.effertz@email.com,User123#
ucb-262143727,Modesto,Heathcote,modesto.heathcote@email.com,User123#
ucb-262148821,Hettie,Upton,hettie.upton@email.com,User123#
ucb-262141748,Finn,Orn,finn.orn@email.com,User123#
ucb-262142854,Cruz,Nolan,cruz.nolan@email.com,User123#
ucb-262141850,Melissa,Erdman,melissa.erdman@email.com,User123#
ucb-262146423,Colin,Runolfsdottir,colin.runolfsdottir@email.com,User123#
ucb-262143731,Luther,McLaughlin,luther.mclaughlin@email.com,User123#
ucb-262148339,Summer,Hartmann,summer.hartmann@email.com,User123#
ucb-262144376,Isaiah,Luettgen,isaiah.luettgen@email.com,User123#
ucb-262145883,Sherman,Cole,sherman.cole@email.com,User123#
ucb-262145185,Wilfred,Carroll,wilfred.carroll@email.com,User123#
ucb-262148240,Justus,Reilly,justus.reilly@email.com,User123#
ucb-262142030,Branson,Bradtke,branson.bradtke@email.com,User123#
ucb-262144727,Nakia,Witting,nakia.witting@email.com,User123#
ucb-262141133,Khalid,Hills,khalid.hills@email.com,User123#
ucb-262146614,Claudine,Turcotte,claudine.turcotte@email.com,User123#
ucb-262147278,Dewayne,Zemlak,dewayne.zemlak@email.com,User123#
ucb-262142656,Rodrick,Kuphal,rodrick.kuphal@email.com,User123#
ucb-262149134,Aliza,Swift,aliza.swift@email.com,User123#
ucb-262140787,Jalyn,Emmerich,jalyn.emmerich@email.com,User123#
ucb-262143783,Winston,Ryan,winston.ryan@email.com,User123#
ucb-262141402,Marjolaine,Effertz,marjolaine.effertz@email.com,User123#
ucb-262149591,Mariah,Kozey,mariah.kozey@email.com,User123#
ucb-262148136,Colton,Auer,colton.auer@email.com,User123#
ucb-262140988,Rusty,Prohaska,rusty.prohaska@email.com,User123#
ucb-262146406,Julien,Brown,julien.brown@email.com,User123#
ucb-262143591,Bernice,Carroll,bernice.carroll@email.com,User123#
ucb-262142060,Arne,Erdman,arne.erdman@email.com,User123#
ucb-262146117,Marilie,Herman,marilie.herman@email.com,User123#
ucb-262142314,Fred,Bednar,fred.bednar@email.com,User123#
ucb-262140670,Nicolette,Langosh,nicolette.langosh@email.com,User123#
ucb-262144508,Jaquan,Reichel,jaquan.reichel@email.com,User123#
ucb-262145370,Elenora,Zboncak,elenora.zboncak@email.com,User123#
ucb-262147941,Maddison,Konopelski,maddison.konopelski@email.com,User123#
ucb-262146916,Francisca,Trantow,francisca.trantow@email.com,User123#
ucb-262147354,Chelsea,Littel,chelsea.littel@email.com,User123#
ucb-262142971,Albertha,Hirthe,albertha.hirthe@email.com,User123#
ucb-262146125,Nels,Moen,nels.moen@email.com,User123#
ucb-262149357,Doyle,Feeney,doyle.feeney@email.com,User123#
ucb-262141066,Karl,Bergstrom,karl.bergstrom@email.com,User123#
ucb-262145828,Flossie,Wolf,flossie.wolf@email.com,User123#
ucb-262143270,Bennie,Dooley,bennie.dooley@email.com,User123#
ucb-262149342,Gertrude,Schmitt,gertrude.schmitt@email.com,User123#
ucb-262148580,Santos,Ritchie,santos.ritchie@email.com,User123#
ucb-262143583,Rubie,Kunde,rubie.kunde@email.com,User123#
ucb-262145917,Hallie,Cummings,hallie.cummings@email.com,User123#
ucb-262144701,Maximus,Rolfson,maximus.rolfson@email.com,User123#
ucb-262142613,Frida,Reynolds,frida.reynolds@email.com,User123#
ucb-262148175,Giovani,Kreiger,giovani.kreiger@email.com,User123#
ucb-262146523,Frankie,Kuvalis,frankie.kuvalis@email.com,User123#
ucb-262144341,Stanley,Kohler,stanley.kohler@email.com,User123#
ucb-262144982,Bettie,Berge,bettie.berge@email.com,User123#
ucb-262141078,Ilene,Mitchell,ilene.mitchell@email.com,User123#
ucb-262143132,Mohamed,Bogan,mohamed.bogan@email.com,User123#
ucb-262144358,Niko,Hayes,niko.hayes@email.com,User123#
ucb-262141700,Adalberto,McKenzie,adalberto.mckenzie@email.com,User123#
ucb-262146907,Katelynn,Wuckert,katelynn.wuckert@email.com,User123#
ucb-262143723,Lilyan,Brown,lilyan.brown@email.com,User123#
ucb-262140664,Amaya,Murphy,amaya.murphy@email.com,User123#
ucb-262142028,Toney,Predovic,toney.predovic@email.com,User123#
ucb-262145039,Friedrich,Block,friedrich.block@email.com,User123#
ucb-262145360,Hailie,Hoppe,hailie.hoppe@email.com,User123#
ucb-262146474,Antonette,Gerhold,antonette.gerhold@email.com,User123#
ucb-262148353,Amalia,Dickinson,amalia.dickinson@email.com,User123#
ucb-262143073,Mathilde,Beer,mathilde.beer@email.com,User123#
ucb-262146682,Sandy,Ziemann,sandy.ziemann@email.com,User123#
ucb-262145340,Friedrich,Kerluke,friedrich.kerluke@email.com,User123#
ucb-262140032,Michaela,Zieme,michaela.zieme@email.com,User123#
ucb-262142148,Loraine,Becker,loraine.becker@email.com,User123#
ucb-262140561,Fannie,Ernser,fannie.ernser@email.com,User123#
ucb-262146594,Kamille,McKenzie,kamille.mckenzie@email.com,User123#
ucb-262144047,Elsa,Considine,elsa.considine@email.com,User123#
ucb-262147468,Edwin,Koch,edwin.koch@email.com,User123#
ucb-262146811,Grayson,Nienow,grayson.nienow@email.com,User123#
ucb-262144546,Gina,Kuhn,gina.kuhn@email.com,User123#
ucb-262141010,Wilfredo,Windler,wilfredo.windler@email.com,User123#
ucb-262141814,Rashad,Rodriguez,rashad.rodriguez@email.com,User123#
ucb-262146460,Wilburn,Stamm,wilburn.stamm@email.com,User123#
ucb-262144073,Fredy,Murphy,fredy.murphy@email.com,User123#
ucb-262147981,Brielle,Bogan,brielle.bogan@email.com,User123#
ucb-262145001,Celestino,Cormier,celestino.cormier@email.com,User123#
ucb-262141972,Lazaro,Kreiger,lazaro.kreiger@email.com,User123#
ucb-262144841,Chanel,Reichert,chanel.reichert@email.com,User123#
ucb-262149895,Rafael,Koch,rafael.koch@email.com,User123#
ucb-262147980,Kelvin,Wilderman,kelvin.wilderman@email.com,User123#
ucb-262147319,Tyrell,Torphy,tyrell.torphy@email.com,User123#
ucb-262142748,Helga,Dickinson,helga.dickinson@email.com,User123#
ucb-262142272,Porter,Veum,porter.veum@email.com,User123#
ucb-262149714,Katlynn,Bosco,katlynn.bosco@email.com,User123#
ucb-262145662,Flavio,Haag,flavio.haag@email.com,User123#
ucb-262145839,Darrell,Hansen,darrell.hansen@email.com,User123#
ucb-262149911,Coy,Boyer,coy.boyer@email.com,User123#
ucb-262144740,Edd,Kuhic,edd.kuhic@email.com,User123#
ucb-262142575,Berniece,Romaguera,berniece.romaguera@email.com,User123#
ucb-262142036,Loyce,Fay,loyce.fay@email.com,User123#
ucb-262142103,George,Shields,george.shields@email.com,User123#
ucb-262144028,Wyman,Bashirian,wyman.bashirian@email.com,User123#
ucb-262146062,Dylan,Larson,dylan.larson@email.com,User123#
ucb-262148573,King,Jenkins,king.jenkins@email.com,User123#
ucb-262143225,Jameson,Zieme,jameson.zieme@email.com,User123#
ucb-262147904,Favian,Jast,favian.jast@email.com,User123#
ucb-262148176,Jovanny,Hodkiewicz,jovanny.hodkiewicz@email.com,User123#
ucb-262141116,Madelynn,Walker,madelynn.walker@email.com,User123#
ucb-262146690,Camille,Satterfield,camille.satterfield@email.com,User123#
ucb-262143722,Barton,Schimmel,barton.schimmel@email.com,User123#
ucb-262145733,Gilda,Legros,gilda.legros@email.com,User123#
ucb-262141988,Jabari,Spencer,jabari.spencer@email.com,User123#
ucb-262140997,Adelia,Bernhard,adelia.bernhard@email.com,User123#
ucb-262143033,Zane,Ritchie,zane.ritchie@email.com,User123#
ucb-262147992,Loyal,Hoppe,loyal.hoppe@email.com,User123#
ucb-262141882,Melany,Zemlak,melany.zemlak@email.com,User123#
ucb-262149089,Sandra,Welch,sandra.welch@email.com,User123#
ucb-262142656,Pinkie,Kunde,pinkie.kunde@email.com,User123#
ucb-262141900,Uriel,Tremblay,uriel.tremblay@email.com,User123#
ucb-262142244,Esteban,Jacobs,esteban.jacobs@email.com,User123#
ucb-262142302,Rollin,Kulas,rollin.kulas@email.com,User123#
ucb-262148720,Annette,Breitenberg,annette.breitenberg@email.com,User123#
ucb-262149988,Laron,Oberbrunner,laron.oberbrunner@email.com,User123#
ucb-262145852,Kobe,Ratke,kobe.ratke@email.com,User123#
ucb-262140417,Allene,Ferry,allene.ferry@email.com,User123#
ucb-262149150,Kyra,McCullough,kyra.mccullough@email.com,User123#
ucb-262145550,Orval,Beatty,orval.beatty@email.com,User123#
ucb-262149569,Clemmie,Miller,clemmie.miller@email.com,User123#
ucb-262148554,Gracie,Langworth,gracie.langworth@email.com,User123#
ucb-262144897,Joesph,Schaden,joesph.schaden@email.com,User123#
ucb-262144719,Dora,Bashirian,dora.bashirian@email.com,User123#
ucb-262147696,Toney,Marks,toney.marks@email.com,User123#
ucb-262146195,Rex,Kessler,rex.kessler@email.com,User123#
ucb-262143147,Quincy,Ferry,quincy.ferry@email.com,User123#
ucb-262146323,Alize,Hintz,alize.hintz@email.com,User123#
ucb-262148205,Elroy,Cummings,elroy.cummings@email.com,User123#
ucb-262144101,Sam,Muller,sam.muller@email.com,User123#
ucb-262146665,Shawna,Jerde,shawna.jerde@email.com,User123#
ucb-262144285,Juwan,Halvorson,juwan.halvorson@email.com,User123#
ucb-262149470,Nora,Yost,nora.yost@email.com,User123#
ucb-262145675,Kaleigh,Ebert,kaleigh.ebert@email.com,User123#
ucb-262143254,Ivah,Boyer,ivah.boyer@email.com,User123#
ucb-262145570,Dana,Cartwright,dana.cartwright@email.com,User123#
ucb-262140496,Adolphus,D'Amore,adolphus.d'amore@email.com,User123#
ucb-262145961,Bruce,Beer,bruce.beer@email.com,User123#
ucb-262149573,Walter,Blanda,walter.blanda@email.com,User123#
ucb-262141301,Kiana,Ortiz,kiana.ortiz@email.com,User123#
ucb-262141747,Vesta,Mills,vesta.mills@email.com,User123#
ucb-262148126,Hans,McDermott,hans.mcdermott@email.com,User123#
ucb-262142362,Betty,Bailey,betty.bailey@email.com,User123#
ucb-262148697,Rogelio,Lynch,rogelio.lynch@email.com,User123#
ucb-262141852,Lucinda,Nader,lucinda.nader@email.com,User123#
ucb-262147580,Raquel,Bartoletti,raquel.bartoletti@email.com,User123#
ucb-262148370,Paxton,Pouros,paxton.pouros@email.com,User123#
ucb-262141911,Tyrese,Gutkowski,tyrese.gutkowski@email.com,User123#
ucb-262146553,Elouise,Ledner,elouise.ledner@email.com,User123#
ucb-262147257,Eden,Maggio,eden.maggio@email.com,User123#
ucb-262147199,Leif,Treutel,leif.treutel@email.com,User123#
ucb-262141153,Fidel,Homenick,fidel.homenick@email.com,User123#
ucb-262142725,Jeffrey,Weissnat,jeffrey.weissnat@email.com,User123#
ucb-262140467,Carolyne,Cassin,carolyne.cassin@email.com,User123#
ucb-262141555,Lenore,McCullough,lenore.mccullough@email.com,User123#
ucb-262142429,Griffin,Walter,griffin.walter@email.com,User123#
ucb-262146374,Electa,Labadie,electa.labadie@email.com,User123#
ucb-262140624,Aliyah,Cartwright,aliyah.cartwright@email.com,User123#
ucb-262145349,Dino,Deckow,dino.deckow@email.com,User123#
ucb-262149307,Mose,Shields,mose.shields@email.com,User123#
ucb-262144274,Jorge,Hintz,jorge.hintz@email.com,User123#
ucb-262149046,Laila,Bernier,laila.bernier@email.com,User123#
ucb-262142005,Abel,Conn,abel.conn@email.com,User123#
ucb-262144854,Carolanne,Powlowski,carolanne.powlowski@email.com,User123#
ucb-262148828,Brianne,Bashirian,brianne.bashirian@email.com,User123#
ucb-262146536,Carolyn,Harvey,carolyn.harvey@email.com,User123#
ucb-262140780,Matilde,Heller,matilde.heller@email.com,User123#
ucb-262142304,Rashad,Kohler,rashad.kohler@email.com,User123#
ucb-262149922,Riley,Bernhard,riley.bernhard@email.com,User123#
ucb-262141508,Roderick,Greenfelder,roderick.greenfelder@email.com,User123#
ucb-262144515,Uriah,Beahan,uriah.beahan@email.com,User123#
ucb-262148605,Marilie,Schaefer,marilie.schaefer@email.com,User123#
ucb-262143996,Karli,Beier,karli.beier@email.com,User123#
ucb-262143590,Jermain,Wuckert,jermain.wuckert@email.com,User123#
ucb-262148380,Aida,Rath,aida.rath@email.com,User123#
ucb-262146937,Carleton,Quigley,carleton.quigley@email.com,User123#
ucb-262148358,Johan,Ondricka,johan.ondricka@email.com,User123#
ucb-262145055,Ezra,Bosco,ezra.bosco@email.com,User123#
ucb-262149183,Kyleigh,Metz,kyleigh.metz@email.com,User123#
ucb-262142068,Hector,Russel,hector.russel@email.com,User123#
ucb-262141452,Vickie,O'Conner,vickie.o'conner@email.com,User123#
ucb-262147100,Cloyd,Cruickshank,cloyd.cruickshank@email.com,User123#
ucb-262145633,Daniella,Altenwerth,daniella.altenwerth@email.com,User123#
ucb-262140667,Aditya,Koelpin,aditya.koelpin@email.com,User123#
ucb-262146116,Dan,Crona,dan.crona@email.com,User123#
ucb-262149005,Paris,Tillman,paris.tillman@email.com,User123#
ucb-262143059,Maya,Gibson,maya.gibson@email.com,User123#
ucb-262148700,Elinore,Hand,elinore.hand@email.com,User123#
ucb-262141911,Sallie,White,sallie.white@email.com,User123#
ucb-262144789,Bertha,O'Keefe,bertha.o'keefe@email.com,User123#
ucb-262142579,Mervin,Cole,mervin.cole@email.com,User123#
ucb-262141726,Brooklyn,Connelly,brooklyn.connelly@email.com,User123#
ucb-262143213,Reinhold,Lynch,reinhold.lynch@email.com,User123#
ucb-262143947,Elmira,Fahey,elmira.fahey@email.com,User123#
ucb-262147034,Francisco,Halvorson,francisco.halvorson@email.com,User123#
ucb-262147728,Luz,Walter,luz.walter@email.com,User123#
ucb-262144113,Luna,Raynor,luna.raynor@email.com,User123#
ucb-262144516,Libbie,Beatty,libbie.beatty@email.com,User123#
ucb-262143929,Joyce,Will,joyce.will@email.com,User123#
ucb-262145698,Adrain,Pagac,adrain.pagac@email.com,User123#
