username,firstname,lastname,email,password
ucpt-262144597,Estrella,Von,estrella.von@email.com,User123#
ucpt-262147794,Eric,Hills,eric.hills@email.com,User123#
ucpt-262142337,Gerry,Botsford,gerry.botsford@email.com,User123#
ucpt-262146175,Sim,Stiedemann,sim.stiedemann@email.com,User123#
ucpt-262148936,Casimer,Herzog,casimer.herzog@email.com,User123#
ucpt-262147527,Mariela,Metz,mariela.metz@email.com,User123#
ucpt-262141432,Destinee,Roob,destinee.roob@email.com,User123#
ucpt-262147746,Dusty,Aufderhar,dusty.aufderhar@email.com,User123#
ucpt-262146356,Ava,Grady,ava.grady@email.com,User123#
ucpt-262146602,Selena,Wisozk,selena.wisozk@email.com,User123#
ucpt-262149928,Garrett,Thiel,garrett.thiel@email.com,User123#
ucpt-262146421,Vilma,Willms,vilma.willms@email.com,User123#
ucpt-262148426,Berenice,Koss,berenice.koss@email.com,User123#
ucpt-262141417,Delta,Hills,delta.hills@email.com,User123#
ucpt-262148142,Ayla,Cruickshank,ayla.cruickshank@email.com,User123#
ucpt-262141278,Chester,Pouros,chester.pouros@email.com,User123#
ucpt-262143238,Norris,Fay,norris.fay@email.com,User123#
ucpt-262146055,Alan,Murray,alan.murray@email.com,User123#
ucpt-262149631,Donavon,Moen,donavon.moen@email.com,User123#
ucpt-262148543,Jakayla,Kozey,jakayla.kozey@email.com,User123#
ucpt-262147829,Corine,Crona,corine.crona@email.com,User123#
ucpt-262147099,Julius,Pollich,julius.pollich@email.com,User123#
ucpt-262144674,Ottis,Walsh,ottis.walsh@email.com,User123#
ucpt-262143444,Major,Ernser,major.ernser@email.com,User123#
ucpt-262141381,Silas,Ebert,silas.ebert@email.com,User123#
ucpt-262140762,Nicholas,Howell,nicholas.howell@email.com,User123#
ucpt-262140029,Russ,Spencer,russ.spencer@email.com,User123#
ucpt-262145326,Baby,Jakubowski,baby.jakubowski@email.com,User123#
ucpt-262140424,Audrey,Stiedemann,audrey.stiedemann@email.com,User123#
ucpt-262143002,Delphine,Deckow,delphine.deckow@email.com,User123#
ucpt-262145444,Cecile,Morissette,cecile.morissette@email.com,User123#
ucpt-262149193,Scarlett,Ernser,scarlett.ernser@email.com,User123#
ucpt-262148342,Darien,Haag,darien.haag@email.com,User123#
ucpt-262140746,King,Bernhard,king.bernhard@email.com,User123#
ucpt-262143408,Lela,Eichmann,lela.eichmann@email.com,User123#
ucpt-262140251,Cleveland,Boyer,cleveland.boyer@email.com,User123#
ucpt-262144020,Wyman,Eichmann,wyman.eichmann@email.com,User123#
ucpt-262143161,Jedediah,Murray,jedediah.murray@email.com,User123#
ucpt-262143085,Keenan,DuBuque,keenan.dubuque@email.com,User123#
ucpt-262145136,Dana,Stracke,dana.stracke@email.com,User123#
ucpt-262149052,Rosamond,Senger,rosamond.senger@email.com,User123#
ucpt-262144588,Jared,Kulas,jared.kulas@email.com,User123#
ucpt-262143814,Deion,Swaniawski,deion.swaniawski@email.com,User123#
ucpt-262140910,Sally,Howell,sally.howell@email.com,User123#
ucpt-262147920,Rosie,Bogisich,rosie.bogisich@email.com,User123#
ucpt-262148823,Buster,Bogan,buster.bogan@email.com,User123#
ucpt-262148853,Terrell,Casper,terrell.casper@email.com,User123#
ucpt-262149263,Carol,Keeling,carol.keeling@email.com,User123#
ucpt-262145257,Bert,Harris,bert.harris@email.com,User123#
ucpt-262148673,Ernest,Rath,ernest.rath@email.com,User123#
ucpt-262143210,Stephania,O'Reilly,stephania.o'reilly@email.com,User123#
ucpt-262149823,Bernardo,Cremin,bernardo.cremin@email.com,User123#
ucpt-262148309,Jacquelyn,Schultz,jacquelyn.schultz@email.com,User123#
ucpt-262144427,Jerald,Waelchi,jerald.waelchi@email.com,User123#
ucpt-262143055,Joanie,Rice,joanie.rice@email.com,User123#
ucpt-262147945,Malvina,Batz,malvina.batz@email.com,User123#
ucpt-262147575,Eino,Simonis,eino.simonis@email.com,User123#
ucpt-262143354,Jerrod,Mayer,jerrod.mayer@email.com,User123#
ucpt-262149826,Morton,Beatty,morton.beatty@email.com,User123#
ucpt-262146003,Tanya,Heller,tanya.heller@email.com,User123#
ucpt-262143192,Elbert,Runolfsdottir,elbert.runolfsdottir@email.com,User123#
ucpt-262144630,Brandt,Denesik,brandt.denesik@email.com,User123#
ucpt-262144369,Deshawn,Gerhold,deshawn.gerhold@email.com,User123#
ucpt-262148591,Fern,Fahey,fern.fahey@email.com,User123#
ucpt-262148211,Piper,Yundt,piper.yundt@email.com,User123#
ucpt-262149279,Bret,Lueilwitz,bret.lueilwitz@email.com,User123#
ucpt-262140302,Garfield,Koepp,garfield.koepp@email.com,User123#
ucpt-262145372,Weston,Prosacco,weston.prosacco@email.com,User123#
ucpt-262147895,Tara,Ondricka,tara.ondricka@email.com,User123#
ucpt-262142281,Rahsaan,Thiel,rahsaan.thiel@email.com,User123#
ucpt-262144225,Twila,Anderson,twila.anderson@email.com,User123#
ucpt-262144304,Chester,Stiedemann,chester.stiedemann@email.com,User123#
ucpt-262145118,Clint,Robel,clint.robel@email.com,User123#
ucpt-262143717,Felicita,Osinski,felicita.osinski@email.com,User123#
ucpt-262147478,Ines,West,ines.west@email.com,User123#
ucpt-262145640,Ruby,Kessler,ruby.kessler@email.com,User123#
ucpt-262144117,Alice,Hudson,alice.hudson@email.com,User123#
ucpt-262140586,Francisca,Grant,francisca.grant@email.com,User123#
ucpt-262140818,Michelle,McLaughlin,michelle.mclaughlin@email.com,User123#
ucpt-262149120,Veronica,Schuster,veronica.schuster@email.com,User123#
ucpt-262146436,Maximillia,Dietrich,maximillia.dietrich@email.com,User123#
ucpt-262141918,Marcos,Ruecker,marcos.ruecker@email.com,User123#
ucpt-262140968,Cade,Howell,cade.howell@email.com,User123#
ucpt-262147254,Blake,McClure,blake.mcclure@email.com,User123#
ucpt-262145271,Terrence,Reinger,terrence.reinger@email.com,User123#
ucpt-262143389,Bell,Padberg,bell.padberg@email.com,User123#
ucpt-262146175,Lacy,Heidenreich,lacy.heidenreich@email.com,User123#
ucpt-262146528,Shany,Kling,shany.kling@email.com,User123#
ucpt-262141734,Assunta,Rippin,assunta.rippin@email.com,User123#
ucpt-262143160,Victoria,Konopelski,victoria.konopelski@email.com,User123#
ucpt-262141186,Mallie,Rodriguez,mallie.rodriguez@email.com,User123#
ucpt-262143837,Wendy,Beahan,wendy.beahan@email.com,User123#
ucpt-262148073,Alfredo,Mohr,alfredo.mohr@email.com,User123#
ucpt-262140563,Valentin,Mann,valentin.mann@email.com,User123#
ucpt-262144204,Retha,Koch,retha.koch@email.com,User123#
ucpt-262146813,Kyle,Ebert,kyle.ebert@email.com,User123#
ucpt-262149129,Pierre,Frami,pierre.frami@email.com,User123#
ucpt-262140418,Mitchel,Kshlerin,mitchel.kshlerin@email.com,User123#
ucpt-262142930,Amy,Runte,amy.runte@email.com,User123#
ucpt-262147571,Kamron,Johnson,kamron.johnson@email.com,User123#
ucpt-262145921,Jaron,Sanford,jaron.sanford@email.com,User123#
ucpt-262142949,Maud,Hermiston,maud.hermiston@email.com,User123#
ucpt-262143971,Kade,Daugherty,kade.daugherty@email.com,User123#
ucpt-262141008,Carole,Cronin,carole.cronin@email.com,User123#
ucpt-262149608,Spencer,Littel,spencer.littel@email.com,User123#
ucpt-262142145,Kaycee,Reichel,kaycee.reichel@email.com,User123#
ucpt-262146909,Emmalee,Will,emmalee.will@email.com,User123#
ucpt-262149504,Dashawn,Mayert,dashawn.mayert@email.com,User123#
ucpt-262146644,Eric,Bogan,eric.bogan@email.com,User123#
ucpt-262145689,Aurelie,Medhurst,aurelie.medhurst@email.com,User123#
ucpt-262142745,Maxine,Funk,maxine.funk@email.com,User123#
ucpt-262149907,Zakary,Franecki,zakary.franecki@email.com,User123#
ucpt-262147860,Jesse,Bartoletti,jesse.bartoletti@email.com,User123#
ucpt-262140517,Vickie,Labadie,vickie.labadie@email.com,User123#
ucpt-262145891,Christian,Conn,christian.conn@email.com,User123#
ucpt-262145695,Evert,Waelchi,evert.waelchi@email.com,User123#
ucpt-262143767,Alex,McDermott,alex.mcdermott@email.com,User123#
ucpt-262141177,Rene,Lakin,rene.lakin@email.com,User123#
ucpt-262143583,Toby,Glover,toby.glover@email.com,User123#
ucpt-262141040,Schuyler,Little,schuyler.little@email.com,User123#
ucpt-262145693,Gerry,Rogahn,gerry.rogahn@email.com,User123#
ucpt-262141473,Herman,Satterfield,herman.satterfield@email.com,User123#
ucpt-262149243,Clyde,Langworth,clyde.langworth@email.com,User123#
ucpt-262142212,Mozelle,Runolfsdottir,mozelle.runolfsdottir@email.com,User123#
ucpt-262149165,Benjamin,Kulas,benjamin.kulas@email.com,User123#
ucpt-262140241,Monserrat,O'Connell,monserrat.o'connell@email.com,User123#
ucpt-262141194,Nia,Gusikowski,nia.gusikowski@email.com,User123#
ucpt-262147189,Antonette,Heaney,antonette.heaney@email.com,User123#
ucpt-262140403,Ana,Lueilwitz,ana.lueilwitz@email.com,User123#
ucpt-262144573,Saul,Schroeder,saul.schroeder@email.com,User123#
ucpt-262149575,Kaley,Welch,kaley.welch@email.com,User123#
ucpt-262142123,Rebeca,Doyle,rebeca.doyle@email.com,User123#
ucpt-262143438,Raymundo,Daniel,raymundo.daniel@email.com,User123#
ucpt-262141952,Millie,Hegmann,millie.hegmann@email.com,User123#
ucpt-262140476,Meghan,Trantow,meghan.trantow@email.com,User123#
ucpt-262149514,Magali,Conn,magali.conn@email.com,User123#
ucpt-262147004,Melyssa,Rogahn,melyssa.rogahn@email.com,User123#
ucpt-262141284,Hertha,Langosh,hertha.langosh@email.com,User123#
ucpt-262142221,Vella,Pouros,vella.pouros@email.com,User123#
ucpt-262140293,Aylin,Daniel,aylin.daniel@email.com,User123#
ucpt-262144073,Kennedi,Kling,kennedi.kling@email.com,User123#
ucpt-262145736,Josie,Doyle,josie.doyle@email.com,User123#
ucpt-262148856,Georgianna,Bradtke,georgianna.bradtke@email.com,User123#
ucpt-262140272,Xavier,Tromp,xavier.tromp@email.com,User123#
ucpt-262144830,Yvonne,Daugherty,yvonne.daugherty@email.com,User123#
ucpt-262141057,Richie,Tromp,richie.tromp@email.com,User123#
ucpt-262147542,Cristal,Heathcote,cristal.heathcote@email.com,User123#
ucpt-262144544,Andy,Aufderhar,andy.aufderhar@email.com,User123#
ucpt-262141305,Burdette,D'Amore,burdette.d'amore@email.com,User123#
ucpt-262146909,Ulises,Walker,ulises.walker@email.com,User123#
ucpt-262143246,Fae,Bauch,fae.bauch@email.com,User123#
ucpt-262144382,Lea,Bins,lea.bins@email.com,User123#
ucpt-262145274,Deion,Douglas,deion.douglas@email.com,User123#
ucpt-262142502,Angela,Gutmann,angela.gutmann@email.com,User123#
ucpt-262142957,Morton,Gibson,morton.gibson@email.com,User123#
ucpt-262140622,Clemmie,Nikolaus,clemmie.nikolaus@email.com,User123#
ucpt-262140824,Mozelle,Yundt,mozelle.yundt@email.com,User123#
ucpt-262142194,Quinton,Thiel,quinton.thiel@email.com,User123#
ucpt-262149679,Wendell,Cronin,wendell.cronin@email.com,User123#
ucpt-262145103,Dejon,Huels,dejon.huels@email.com,User123#
ucpt-262143162,Lyda,Thompson,lyda.thompson@email.com,User123#
ucpt-262147678,Timmothy,Morissette,timmothy.morissette@email.com,User123#
ucpt-262143310,Reginald,Bergstrom,reginald.bergstrom@email.com,User123#
ucpt-262142115,Rubie,Cole,rubie.cole@email.com,User123#
ucpt-262146331,Miguel,Klocko,miguel.klocko@email.com,User123#
ucpt-262140063,Camila,Renner,camila.renner@email.com,User123#
ucpt-262141655,Agustina,Reinger,agustina.reinger@email.com,User123#
ucpt-262142428,Jaylan,Collier,jaylan.collier@email.com,User123#
ucpt-262144281,Jody,Blick,jody.blick@email.com,User123#
ucpt-262146281,Kyra,Larkin,kyra.larkin@email.com,User123#
ucpt-262145544,Meghan,D'Amore,meghan.d'amore@email.com,User123#
ucpt-262145999,Sydnee,Nitzsche,sydnee.nitzsche@email.com,User123#
ucpt-262145211,Christelle,Rath,christelle.rath@email.com,User123#
ucpt-262145050,Orin,Orn,orin.orn@email.com,User123#
ucpt-262143626,Rhiannon,Harvey,rhiannon.harvey@email.com,User123#
ucpt-262149462,Lauretta,Collier,lauretta.collier@email.com,User123#
ucpt-262140876,Donnell,Schuppe,donnell.schuppe@email.com,User123#
ucpt-262149192,Claudia,Corkery,claudia.corkery@email.com,User123#
ucpt-262146572,Obie,Bergnaum,obie.bergnaum@email.com,User123#
ucpt-262149257,Kenna,Glover,kenna.glover@email.com,User123#
ucpt-262143037,Viviane,Emard,viviane.emard@email.com,User123#
ucpt-262149212,Vilma,Yundt,vilma.yundt@email.com,User123#
ucpt-262142503,Lyda,Thompson,lyda.thompson@email.com,User123#
ucpt-262149528,Buck,Waelchi,buck.waelchi@email.com,User123#
ucpt-262145809,Nikki,Koss,nikki.koss@email.com,User123#
ucpt-262148084,Manley,Abbott,manley.abbott@email.com,User123#
ucpt-262146304,Janis,Murazik,janis.murazik@email.com,User123#
ucpt-262141714,Lessie,Ziemann,lessie.ziemann@email.com,User123#
ucpt-262143179,Lauretta,Corkery,lauretta.corkery@email.com,User123#
ucpt-262144870,Catherine,Medhurst,catherine.medhurst@email.com,User123#
ucpt-262143623,Mara,Raynor,mara.raynor@email.com,User123#
ucpt-262141113,Dayana,Wiegand,dayana.wiegand@email.com,User123#
ucpt-262141534,Itzel,Gottlieb,itzel.gottlieb@email.com,User123#
ucpt-262149065,Clara,Dooley,clara.dooley@email.com,User123#
ucpt-262149013,Rozella,Rempel,rozella.rempel@email.com,User123#
ucpt-262140696,Dariana,O'Hara,dariana.o'hara@email.com,User123#
ucpt-262145227,Minnie,Macejkovic,minnie.macejkovic@email.com,User123#
ucpt-262140739,Buford,Koss,buford.koss@email.com,User123#
ucpt-262142241,Griffin,Moore,griffin.moore@email.com,User123#
ucpt-262145259,Micheal,Klein,micheal.klein@email.com,User123#
ucpt-262141056,Kristian,Beer,kristian.beer@email.com,User123#
ucpt-262147067,Olin,Hills,olin.hills@email.com,User123#
ucpt-262147262,Tyreek,Gusikowski,tyreek.gusikowski@email.com,User123#
ucpt-262148867,Gennaro,Hudson,gennaro.hudson@email.com,User123#
ucpt-262141434,Benjamin,Terry,benjamin.terry@email.com,User123#
ucpt-262140111,Alexandrine,Larson,alexandrine.larson@email.com,User123#
ucpt-262146695,Casandra,Borer,casandra.borer@email.com,User123#
ucpt-262149713,Isaac,Cummings,isaac.cummings@email.com,User123#
ucpt-262142623,Clyde,Daugherty,clyde.daugherty@email.com,User123#
ucpt-262140867,Milford,Sanford,milford.sanford@email.com,User123#
ucpt-262145665,Dominic,Glover,dominic.glover@email.com,User123#
ucpt-262143608,Kamryn,Ortiz,kamryn.ortiz@email.com,User123#
ucpt-262145916,Rosemarie,Tremblay,rosemarie.tremblay@email.com,User123#
ucpt-262143782,Sandy,Braun,sandy.braun@email.com,User123#
ucpt-262149082,Price,Gerlach,price.gerlach@email.com,User123#
ucpt-262140508,Trystan,Bahringer,trystan.bahringer@email.com,User123#
ucpt-262140870,Martine,Davis,martine.davis@email.com,User123#
ucpt-262143067,Jalyn,Sporer,jalyn.sporer@email.com,User123#
ucpt-262142920,Sylvan,Kling,sylvan.kling@email.com,User123#
ucpt-262143819,Zoila,Ferry,zoila.ferry@email.com,User123#
ucpt-262140080,Mertie,Ratke,mertie.ratke@email.com,User123#
ucpt-262141145,Natalia,Weimann,natalia.weimann@email.com,User123#
ucpt-262148295,Hyman,Strosin,hyman.strosin@email.com,User123#
ucpt-262147863,Mable,Kemmer,mable.kemmer@email.com,User123#
ucpt-262143192,Monroe,Morissette,monroe.morissette@email.com,User123#
ucpt-262140143,Mustafa,Farrell,mustafa.farrell@email.com,User123#
ucpt-262141865,Mollie,Shields,mollie.shields@email.com,User123#
ucpt-262146934,Ellis,Reichert,ellis.reichert@email.com,User123#
ucpt-262144371,Opal,Luettgen,opal.luettgen@email.com,User123#
ucpt-262145986,Audie,Grady,audie.grady@email.com,User123#
ucpt-262148254,Stephen,Altenwerth,stephen.altenwerth@email.com,User123#
ucpt-262149260,Reece,Abshire,reece.abshire@email.com,User123#
ucpt-262143592,Milo,Herman,milo.herman@email.com,User123#
ucpt-262145216,Kiel,Brakus,kiel.brakus@email.com,User123#
ucpt-262141826,Annetta,Purdy,annetta.purdy@email.com,User123#
ucpt-262142256,Sandy,Pfeffer,sandy.pfeffer@email.com,User123#
ucpt-262140054,Vinnie,Lindgren,vinnie.lindgren@email.com,User123#
ucpt-262141849,Evelyn,Nolan,evelyn.nolan@email.com,User123#
ucpt-262144701,Bette,Graham,bette.graham@email.com,User123#
ucpt-262143057,Breanna,Mayer,breanna.mayer@email.com,User123#
ucpt-262149707,Ethyl,Bayer,ethyl.bayer@email.com,User123#
ucpt-262142479,Matt,Schaden,matt.schaden@email.com,User123#
ucpt-262143342,Giovanni,Predovic,giovanni.predovic@email.com,User123#
ucpt-262142408,Zander,Hessel,zander.hessel@email.com,User123#
ucpt-262147910,Anabel,Rice,anabel.rice@email.com,User123#
ucpt-262149087,Carter,Howe,carter.howe@email.com,User123#
ucpt-262148338,Patricia,Grant,patricia.grant@email.com,User123#
ucpt-262140736,Dariana,DuBuque,dariana.dubuque@email.com,User123#
ucpt-262143604,Martine,Krajcik,martine.krajcik@email.com,User123#
ucpt-262147435,Rahul,McCullough,rahul.mccullough@email.com,User123#
ucpt-262146393,Emile,Dibbert,emile.dibbert@email.com,User123#
ucpt-262147711,Darrell,Haley,darrell.haley@email.com,User123#
ucpt-262142993,Lyda,Cormier,lyda.cormier@email.com,User123#
ucpt-262144120,Gilbert,Bartoletti,gilbert.bartoletti@email.com,User123#
ucpt-262149974,Connie,Stanton,connie.stanton@email.com,User123#
ucpt-262141461,Alan,Abshire,alan.abshire@email.com,User123#
ucpt-262141045,Katelynn,Greenholt,katelynn.greenholt@email.com,User123#
ucpt-262144900,Zoey,Nitzsche,zoey.nitzsche@email.com,User123#
ucpt-262140998,Turner,Prohaska,turner.prohaska@email.com,User123#
ucpt-262148230,Torey,Hermiston,torey.hermiston@email.com,User123#
ucpt-262145402,Lennie,Ritchie,lennie.ritchie@email.com,User123#
ucpt-262149512,Meredith,Paucek,meredith.paucek@email.com,User123#
ucpt-262140867,Maybell,Bogan,maybell.bogan@email.com,User123#
ucpt-262147801,Jamel,Brakus,jamel.brakus@email.com,User123#
ucpt-262142592,Sheridan,Bauch,sheridan.bauch@email.com,User123#
ucpt-262148997,Alia,Bins,alia.bins@email.com,User123#
ucpt-262144403,Eloy,Price,eloy.price@email.com,User123#
ucpt-262146291,Alfreda,McDermott,alfreda.mcdermott@email.com,User123#
ucpt-262142901,Rigoberto,Hand,rigoberto.hand@email.com,User123#
ucpt-262149075,Kitty,Doyle,kitty.doyle@email.com,User123#
ucpt-262149215,Casandra,Sipes,casandra.sipes@email.com,User123#
ucpt-262140874,Emma,Nicolas,emma.nicolas@email.com,User123#
ucpt-262143635,Taylor,Hamill,taylor.hamill@email.com,User123#
ucpt-262144821,Neva,Gusikowski,neva.gusikowski@email.com,User123#
ucpt-262149100,Ryleigh,Rosenbaum,ryleigh.rosenbaum@email.com,User123#
ucpt-262145278,Alexandro,Windler,alexandro.windler@email.com,User123#
ucpt-262142628,Dion,Wintheiser,dion.wintheiser@email.com,User123#
ucpt-262149644,Fabian,Prohaska,fabian.prohaska@email.com,User123#
ucpt-262145888,Scot,Quitzon,scot.quitzon@email.com,User123#
ucpt-262148783,Maximilian,Bartell,maximilian.bartell@email.com,User123#
ucpt-262149730,Darwin,Swift,darwin.swift@email.com,User123#
ucpt-262143745,Dorian,Beatty,dorian.beatty@email.com,User123#
ucpt-262148138,Webster,Leffler,webster.leffler@email.com,User123#
ucpt-262144335,Adan,Kohler,adan.kohler@email.com,User123#
ucpt-262142493,Kirk,Renner,kirk.renner@email.com,User123#
ucpt-262146296,Kim,Spencer,kim.spencer@email.com,User123#
ucpt-262148575,Hayden,Smith,hayden.smith@email.com,User123#
ucpt-262140518,Kamille,Mosciski,kamille.mosciski@email.com,User123#
ucpt-262144185,Darrin,Roberts,darrin.roberts@email.com,User123#
ucpt-262142910,Alene,Jacobson,alene.jacobson@email.com,User123#
ucpt-262146332,Kelsie,McLaughlin,kelsie.mclaughlin@email.com,User123#
ucpt-262148198,Antonietta,Ondricka,antonietta.ondricka@email.com,User123#
ucpt-262146306,Alyce,Cartwright,alyce.cartwright@email.com,User123#
ucpt-262147034,Cordell,Hansen,cordell.hansen@email.com,User123#
ucpt-262147331,Fabian,Willms,fabian.willms@email.com,User123#
ucpt-262144866,Ronaldo,Maggio,ronaldo.maggio@email.com,User123#
ucpt-262141440,Kane,Waelchi,kane.waelchi@email.com,User123#
ucpt-262140931,Sierra,Rogahn,sierra.rogahn@email.com,User123#
ucpt-262146660,Emery,Lowe,emery.lowe@email.com,User123#
ucpt-262148720,Charlotte,Hermiston,charlotte.hermiston@email.com,User123#
ucpt-262142127,Demarco,Hackett,demarco.hackett@email.com,User123#
ucpt-262144241,Celestino,Ferry,celestino.ferry@email.com,User123#
ucpt-262143972,Brooks,White,brooks.white@email.com,User123#
ucpt-262145337,Donavon,Rempel,donavon.rempel@email.com,User123#
ucpt-262145915,Toby,Johns,toby.johns@email.com,User123#
ucpt-262143812,Emmalee,Bode,emmalee.bode@email.com,User123#
ucpt-262144170,Maximo,Simonis,maximo.simonis@email.com,User123#
ucpt-262143571,Shirley,Mayer,shirley.mayer@email.com,User123#
ucpt-262142732,Freddie,Mohr,freddie.mohr@email.com,User123#
ucpt-262142481,Imelda,Spencer,imelda.spencer@email.com,User123#
ucpt-262146332,Norberto,Stanton,norberto.stanton@email.com,User123#
ucpt-262144314,Alexandra,Schiller,alexandra.schiller@email.com,User123#
ucpt-262146218,Dion,Carter,dion.carter@email.com,User123#
ucpt-262148841,Lesley,Ferry,lesley.ferry@email.com,User123#
ucpt-262144543,Lina,Lebsack,lina.lebsack@email.com,User123#
ucpt-262141775,Hazle,Cremin,hazle.cremin@email.com,User123#
ucpt-262149627,Donny,Kreiger,donny.kreiger@email.com,User123#
ucpt-262142095,Arlie,Harber,arlie.harber@email.com,User123#
ucpt-262141160,Virgie,Wiza,virgie.wiza@email.com,User123#
ucpt-262148726,Bradly,Aufderhar,bradly.aufderhar@email.com,User123#
ucpt-262141397,Selena,Considine,selena.considine@email.com,User123#
ucpt-262146405,Westley,Fay,westley.fay@email.com,User123#
ucpt-262149522,Libbie,Wisozk,libbie.wisozk@email.com,User123#
ucpt-262141318,Toby,Kemmer,toby.kemmer@email.com,User123#
ucpt-262149989,Jasper,Gulgowski,jasper.gulgowski@email.com,User123#
ucpt-262143833,Annie,Muller,annie.muller@email.com,User123#
ucpt-262145833,Jessika,Stanton,jessika.stanton@email.com,User123#
ucpt-262145049,Chanelle,Schaden,chanelle.schaden@email.com,User123#
ucpt-262142618,Abdul,Heaney,abdul.heaney@email.com,User123#
ucpt-262147923,Elise,Ullrich,elise.ullrich@email.com,User123#
ucpt-262148641,Clark,Graham,clark.graham@email.com,User123#
ucpt-262149838,Edwina,Pfeffer,edwina.pfeffer@email.com,User123#
ucpt-262149666,Rickie,Hammes,rickie.hammes@email.com,User123#
ucpt-262147328,Mona,Hackett,mona.hackett@email.com,User123#
ucpt-262143281,Ibrahim,McCullough,ibrahim.mccullough@email.com,User123#
ucpt-262140685,Patricia,Tremblay,patricia.tremblay@email.com,User123#
ucpt-262149438,Jackson,Corwin,jackson.corwin@email.com,User123#
ucpt-262144079,Alberto,Mohr,alberto.mohr@email.com,User123#
ucpt-262146812,Alize,Emmerich,alize.emmerich@email.com,User123#
ucpt-262144917,Moshe,Nitzsche,moshe.nitzsche@email.com,User123#
ucpt-262145031,Alaina,Beahan,alaina.beahan@email.com,User123#
ucpt-262145677,Geovany,Cassin,geovany.cassin@email.com,User123#
ucpt-262143213,Kasandra,Kilback,kasandra.kilback@email.com,User123#
ucpt-262140259,Cleve,Little,cleve.little@email.com,User123#
ucpt-262145447,Anissa,Volkman,anissa.volkman@email.com,User123#
ucpt-262148722,Mireya,Stracke,mireya.stracke@email.com,User123#
ucpt-262140684,Phoebe,Swaniawski,phoebe.swaniawski@email.com,User123#
ucpt-262140936,Ludie,Schroeder,ludie.schroeder@email.com,User123#
ucpt-262140810,Katharina,Bode,katharina.bode@email.com,User123#
ucpt-262147158,Amina,Murphy,amina.murphy@email.com,User123#
ucpt-262141745,Dino,Hansen,dino.hansen@email.com,User123#
ucpt-262143053,Travis,Pfannerstill,travis.pfannerstill@email.com,User123#
ucpt-262144685,Elias,Hegmann,elias.hegmann@email.com,User123#
ucpt-262147692,Clifford,Hand,clifford.hand@email.com,User123#
ucpt-262140376,Ethel,Christiansen,ethel.christiansen@email.com,User123#
ucpt-262149174,Dina,Ruecker,dina.ruecker@email.com,User123#
ucpt-262149005,Alisa,Conroy,alisa.conroy@email.com,User123#
ucpt-262141221,Emil,Schultz,emil.schultz@email.com,User123#
ucpt-262145850,Khalid,Rempel,khalid.rempel@email.com,User123#
ucpt-262143136,Edna,Nienow,edna.nienow@email.com,User123#
ucpt-262148358,Kailey,Mraz,kailey.mraz@email.com,User123#
ucpt-262148790,William,Mosciski,william.mosciski@email.com,User123#
ucpt-262148441,Darion,Zieme,darion.zieme@email.com,User123#
ucpt-262140332,Mckenna,Simonis,mckenna.simonis@email.com,User123#
ucpt-262141749,Quentin,Kshlerin,quentin.kshlerin@email.com,User123#
ucpt-262146210,Cruz,Mayert,cruz.mayert@email.com,User123#
ucpt-262145307,Damian,Rolfson,damian.rolfson@email.com,User123#
ucpt-262142282,Enrique,Wyman,enrique.wyman@email.com,User123#
ucpt-262148295,Tracey,Gorczany,tracey.gorczany@email.com,User123#
ucpt-262143375,Clemmie,Senger,clemmie.senger@email.com,User123#
ucpt-262146410,Stephany,Schulist,stephany.schulist@email.com,User123#
ucpt-262142623,Bert,Dooley,bert.dooley@email.com,User123#
ucpt-262143222,Josephine,Tromp,josephine.tromp@email.com,User123#
ucpt-262141878,Jermain,Parker,jermain.parker@email.com,User123#
ucpt-262148687,Shayne,Fadel,shayne.fadel@email.com,User123#
ucpt-262141020,Iva,Dach,iva.dach@email.com,User123#
ucpt-262141721,Ruthie,Lakin,ruthie.lakin@email.com,User123#
ucpt-262147815,Garret,Boehm,garret.boehm@email.com,User123#
ucpt-262143913,Noemie,McKenzie,noemie.mckenzie@email.com,User123#
ucpt-262146484,Herta,Parisian,herta.parisian@email.com,User123#
ucpt-262140670,Jude,Ratke,jude.ratke@email.com,User123#
ucpt-262148771,Janiya,Nolan,janiya.nolan@email.com,User123#
ucpt-262144129,Angus,Hamill,angus.hamill@email.com,User123#
ucpt-262144910,Pete,Daugherty,pete.daugherty@email.com,User123#
ucpt-262141190,Aniya,Jerde,aniya.jerde@email.com,User123#
ucpt-262148786,Kale,Keebler,kale.keebler@email.com,User123#
ucpt-262142251,Opal,Murphy,opal.murphy@email.com,User123#
ucpt-262143959,Celine,Hoppe,celine.hoppe@email.com,User123#
ucpt-262144978,Precious,Davis,precious.davis@email.com,User123#
ucpt-262145389,Jerod,Tremblay,jerod.tremblay@email.com,User123#
ucpt-262145483,Leanna,Beier,leanna.beier@email.com,User123#
ucpt-262147635,Vernice,Morar,vernice.morar@email.com,User123#
ucpt-262149169,Sharon,Upton,sharon.upton@email.com,User123#
ucpt-262143927,Eriberto,Leuschke,eriberto.leuschke@email.com,User123#
ucpt-262148361,Presley,Stamm,presley.stamm@email.com,User123#
ucpt-262145520,Heber,Johns,heber.johns@email.com,User123#
ucpt-262143522,Evert,Durgan,evert.durgan@email.com,User123#
ucpt-262146906,Joanne,Klein,joanne.klein@email.com,User123#
ucpt-262147924,Rose,Pfannerstill,rose.pfannerstill@email.com,User123#
ucpt-262142922,Sydnie,Jenkins,sydnie.jenkins@email.com,User123#
ucpt-262146412,Sharon,Littel,sharon.littel@email.com,User123#
ucpt-262145036,Gregorio,Anderson,gregorio.anderson@email.com,User123#
ucpt-262147807,Emory,Hegmann,emory.hegmann@email.com,User123#
ucpt-262140426,Nico,Murphy,nico.murphy@email.com,User123#
ucpt-262149548,Paolo,Mosciski,paolo.mosciski@email.com,User123#
ucpt-262145883,Camryn,Smith,camryn.smith@email.com,User123#
ucpt-262149008,Elaina,Haley,elaina.haley@email.com,User123#
ucpt-262149087,Shania,Lemke,shania.lemke@email.com,User123#
ucpt-262143637,Willie,Quitzon,willie.quitzon@email.com,User123#
ucpt-262145332,Shaniya,Green,shaniya.green@email.com,User123#
ucpt-262141314,Webster,Feil,webster.feil@email.com,User123#
ucpt-262142100,Modesto,Williamson,modesto.williamson@email.com,User123#
ucpt-262141195,Kamryn,Hilll,kamryn.hilll@email.com,User123#
ucpt-262147567,Arnold,Eichmann,arnold.eichmann@email.com,User123#
ucpt-262143914,Hubert,Langworth,hubert.langworth@email.com,User123#
ucpt-262145238,Bobby,Mayert,bobby.mayert@email.com,User123#
ucpt-262149910,Deanna,Brekke,deanna.brekke@email.com,User123#
ucpt-262149378,Mia,King,mia.king@email.com,User123#
ucpt-262148143,Alexander,Beier,alexander.beier@email.com,User123#
ucpt-262147660,Verdie,Satterfield,verdie.satterfield@email.com,User123#
ucpt-262149242,Lola,Sawayn,lola.sawayn@email.com,User123#
ucpt-262146235,Dallin,Ferry,dallin.ferry@email.com,User123#
ucpt-262146800,Jamar,Bosco,jamar.bosco@email.com,User123#
ucpt-262147502,Janet,Kovacek,janet.kovacek@email.com,User123#
ucpt-262142861,Toy,Funk,toy.funk@email.com,User123#
ucpt-262142870,Robb,Bashirian,robb.bashirian@email.com,User123#
ucpt-262140519,Marlin,Tillman,marlin.tillman@email.com,User123#
ucpt-262149006,Terrence,Macejkovic,terrence.macejkovic@email.com,User123#
ucpt-262144312,Gabe,Bergstrom,gabe.bergstrom@email.com,User123#
ucpt-262148868,Madelyn,Keebler,madelyn.keebler@email.com,User123#
ucpt-262142903,Bettye,Will,bettye.will@email.com,User123#
ucpt-262144663,Savion,Marks,savion.marks@email.com,User123#
ucpt-262145025,Brycen,Tillman,brycen.tillman@email.com,User123#
ucpt-262146200,Colten,Waters,colten.waters@email.com,User123#
ucpt-262147962,Emmitt,Lesch,emmitt.lesch@email.com,User123#
ucpt-262147449,Matteo,Mohr,matteo.mohr@email.com,User123#
ucpt-262140249,Wendy,Osinski,wendy.osinski@email.com,User123#
ucpt-262145546,Israel,Cremin,israel.cremin@email.com,User123#
ucpt-262142979,Christiana,Hodkiewicz,christiana.hodkiewicz@email.com,User123#
ucpt-262148173,Kayla,Towne,kayla.towne@email.com,User123#
ucpt-262141345,Wilber,Mitchell,wilber.mitchell@email.com,User123#
ucpt-262141685,Chloe,Lebsack,chloe.lebsack@email.com,User123#
ucpt-262146816,Opal,McLaughlin,opal.mclaughlin@email.com,User123#
ucpt-262142684,Addison,Schmitt,addison.schmitt@email.com,User123#
ucpt-262143793,Kelli,VonRueden,kelli.vonrueden@email.com,User123#
ucpt-262146239,Demetrius,Vandervort,demetrius.vandervort@email.com,User123#
ucpt-262144853,Damaris,Romaguera,damaris.romaguera@email.com,User123#
ucpt-262149930,Jalon,Grant,jalon.grant@email.com,User123#
ucpt-262143673,Thomas,Wehner,thomas.wehner@email.com,User123#
ucpt-262149132,Schuyler,Homenick,schuyler.homenick@email.com,User123#
ucpt-262140490,Chance,Kemmer,chance.kemmer@email.com,User123#
ucpt-262143521,Jarret,Ondricka,jarret.ondricka@email.com,User123#
ucpt-262146173,Cicero,Schimmel,cicero.schimmel@email.com,User123#
ucpt-262141615,Jeffry,Langosh,jeffry.langosh@email.com,User123#
ucpt-262143942,Quinton,Schaefer,quinton.schaefer@email.com,User123#
ucpt-262147601,Dorthy,Gottlieb,dorthy.gottlieb@email.com,User123#
ucpt-262148366,Bret,Tremblay,bret.tremblay@email.com,User123#
ucpt-262147967,Forrest,Kunze,forrest.kunze@email.com,User123#
ucpt-262141518,Shana,Little,shana.little@email.com,User123#
ucpt-262146777,Gladys,Lueilwitz,gladys.lueilwitz@email.com,User123#
ucpt-262144661,Kenyatta,Huel,kenyatta.huel@email.com,User123#
ucpt-262141706,Sienna,Greenfelder,sienna.greenfelder@email.com,User123#
ucpt-262140129,Weldon,Kiehn,weldon.kiehn@email.com,User123#
ucpt-262141330,Antonetta,Dicki,antonetta.dicki@email.com,User123#
ucpt-262146132,Mable,Romaguera,mable.romaguera@email.com,User123#
ucpt-262148334,Kelley,Block,kelley.block@email.com,User123#
ucpt-262145324,Kay,Cronin,kay.cronin@email.com,User123#
ucpt-262147925,Dalton,Dibbert,dalton.dibbert@email.com,User123#
ucpt-262145458,Cody,Carroll,cody.carroll@email.com,User123#
ucpt-262144511,Mallie,DuBuque,mallie.dubuque@email.com,User123#
ucpt-262142845,Johnpaul,Harvey,johnpaul.harvey@email.com,User123#
ucpt-262144013,Tod,Gibson,tod.gibson@email.com,User123#
ucpt-262140406,Icie,Hansen,icie.hansen@email.com,User123#
ucpt-262145983,Ciara,Lakin,ciara.lakin@email.com,User123#
ucpt-262144858,Linwood,Hermiston,linwood.hermiston@email.com,User123#
ucpt-262147632,Javier,Wilderman,javier.wilderman@email.com,User123#
ucpt-262142213,Zack,Orn,zack.orn@email.com,User123#
ucpt-262149862,Reilly,Bartoletti,reilly.bartoletti@email.com,User123#
ucpt-262140765,Anastacio,White,anastacio.white@email.com,User123#
ucpt-262142018,Sylvan,Bruen,sylvan.bruen@email.com,User123#
ucpt-262145507,Darrell,Macejkovic,darrell.macejkovic@email.com,User123#
ucpt-262141694,Leo,Kutch,leo.kutch@email.com,User123#
ucpt-262145254,Stefanie,Runolfsdottir,stefanie.runolfsdottir@email.com,User123#
ucpt-262145317,Tyreek,Bernhard,tyreek.bernhard@email.com,User123#
ucpt-262147915,Liam,Vandervort,liam.vandervort@email.com,User123#
ucpt-262147159,Stefan,Gottlieb,stefan.gottlieb@email.com,User123#
ucpt-262141587,Stephon,Ryan,stephon.ryan@email.com,User123#
ucpt-262148217,Carmella,Beahan,carmella.beahan@email.com,User123#
ucpt-262142003,Derek,Wisozk,derek.wisozk@email.com,User123#
ucpt-262146345,Ron,Wintheiser,ron.wintheiser@email.com,User123#
ucpt-262142828,Bulah,O'Keefe,bulah.o'keefe@email.com,User123#
ucpt-262146442,Dane,Monahan,dane.monahan@email.com,User123#
ucpt-262140899,Maddison,Streich,maddison.streich@email.com,User123#
ucpt-262145510,Bradly,Greenholt,bradly.greenholt@email.com,User123#
ucpt-262147574,Alyce,O'Keefe,alyce.o'keefe@email.com,User123#
ucpt-262142150,Addie,Nicolas,addie.nicolas@email.com,User123#
ucpt-262143144,Macie,Ruecker,macie.ruecker@email.com,User123#
ucpt-262144320,Noemy,Smith,noemy.smith@email.com,User123#
ucpt-262145079,Bailee,Zieme,bailee.zieme@email.com,User123#
ucpt-262140048,Reed,Borer,reed.borer@email.com,User123#
ucpt-262144289,Hettie,Schaefer,hettie.schaefer@email.com,User123#
ucpt-262142765,Krista,Schinner,krista.schinner@email.com,User123#
ucpt-262148022,Saige,Kessler,saige.kessler@email.com,User123#
ucpt-262140292,Ethan,King,ethan.king@email.com,User123#
ucpt-262145099,Pink,Lind,pink.lind@email.com,User123#
ucpt-262146210,Antonia,Gaylord,antonia.gaylord@email.com,User123#
ucpt-262146609,Jayden,VonRueden,jayden.vonrueden@email.com,User123#
ucpt-262147774,Valerie,Fay,valerie.fay@email.com,User123#
ucpt-262147505,Arnaldo,Jerde,arnaldo.jerde@email.com,User123#
ucpt-262143563,Leda,Metz,leda.metz@email.com,User123#
ucpt-262148218,Ramon,McClure,ramon.mcclure@email.com,User123#
ucpt-262142783,Alvera,Flatley,alvera.flatley@email.com,User123#
ucpt-262147692,Savannah,Lemke,savannah.lemke@email.com,User123#
ucpt-262141520,Jamarcus,Monahan,jamarcus.monahan@email.com,User123#
ucpt-262145505,Jedediah,Ward,jedediah.ward@email.com,User123#
ucpt-262143313,Jessyca,Kshlerin,jessyca.kshlerin@email.com,User123#
ucpt-262143540,Jalen,Runolfsdottir,jalen.runolfsdottir@email.com,User123#
ucpt-262147281,Toby,Block,toby.block@email.com,User123#
ucpt-262148090,Eduardo,Bosco,eduardo.bosco@email.com,User123#
ucpt-262143366,Hector,Medhurst,hector.medhurst@email.com,User123#
ucpt-262142670,Rae,Brekke,rae.brekke@email.com,User123#
ucpt-262148363,Dawn,Hettinger,dawn.hettinger@email.com,User123#
ucpt-262147742,Lonzo,Cummings,lonzo.cummings@email.com,User123#
ucpt-262146282,Blaze,Roob,blaze.roob@email.com,User123#
ucpt-262149541,Rickie,Gerlach,rickie.gerlach@email.com,User123#
ucpt-262147606,Judah,Schamberger,judah.schamberger@email.com,User123#
ucpt-262143473,Nathan,Armstrong,nathan.armstrong@email.com,User123#
ucpt-262142010,Thurman,Macejkovic,thurman.macejkovic@email.com,User123#
ucpt-262147159,Clemmie,Greenholt,clemmie.greenholt@email.com,User123#
ucpt-262144801,Talon,Rosenbaum,talon.rosenbaum@email.com,User123#
ucpt-262145755,Lavada,Boyer,lavada.boyer@email.com,User123#
ucpt-262145187,Noemie,Bergstrom,noemie.bergstrom@email.com,User123#
ucpt-262140697,Darian,Erdman,darian.erdman@email.com,User123#
ucpt-262143674,Marcia,Nicolas,marcia.nicolas@email.com,User123#
ucpt-262140272,Grant,Deckow,grant.deckow@email.com,User123#
ucpt-262147297,Lonnie,Mueller,lonnie.mueller@email.com,User123#
ucpt-262142121,Dallin,Tremblay,dallin.tremblay@email.com,User123#
ucpt-262144488,Ezequiel,Lang,ezequiel.lang@email.com,User123#
ucpt-262148759,Gerald,Conn,gerald.conn@email.com,User123#
ucpt-262147485,Gerard,Lind,gerard.lind@email.com,User123#
ucpt-262141345,Jaida,Kuphal,jaida.kuphal@email.com,User123#
ucpt-262149506,Lenore,Hackett,lenore.hackett@email.com,User123#
ucpt-262142189,Queenie,Wiegand,queenie.wiegand@email.com,User123#
ucpt-262144025,Marge,Emmerich,marge.emmerich@email.com,User123#
ucpt-262140287,Hardy,Rempel,hardy.rempel@email.com,User123#
ucpt-262148993,Micaela,Collins,micaela.collins@email.com,User123#
ucpt-262144342,Vito,Wilkinson,vito.wilkinson@email.com,User123#
ucpt-262148585,Luciano,Kirlin,luciano.kirlin@email.com,User123#
ucpt-262146244,Astrid,Terry,astrid.terry@email.com,User123#
ucpt-262148247,Audra,Mante,audra.mante@email.com,User123#
ucpt-262144459,Ardith,Kemmer,ardith.kemmer@email.com,User123#
ucpt-262146403,Margret,Wunsch,margret.wunsch@email.com,User123#
ucpt-262148675,Margot,Crist,margot.crist@email.com,User123#
ucpt-262141752,Raphaelle,Waters,raphaelle.waters@email.com,User123#
ucpt-262141897,Sincere,Gutkowski,sincere.gutkowski@email.com,User123#
ucpt-262146710,Otilia,Luettgen,otilia.luettgen@email.com,User123#
ucpt-262149068,Lorenza,Bode,lorenza.bode@email.com,User123#
ucpt-262145976,Leda,Haag,leda.haag@email.com,User123#
ucpt-262145412,Toy,Dooley,toy.dooley@email.com,User123#
ucpt-262146578,Alexandre,Lubowitz,alexandre.lubowitz@email.com,User123#
ucpt-262140746,Sandy,Mosciski,sandy.mosciski@email.com,User123#
ucpt-262140989,Jerod,Ruecker,jerod.ruecker@email.com,User123#
ucpt-262148746,Alexander,Lang,alexander.lang@email.com,User123#
ucpt-262144910,Tre,Cronin,tre.cronin@email.com,User123#
ucpt-262148192,Jameson,Stroman,jameson.stroman@email.com,User123#
ucpt-262149550,Gina,Renner,gina.renner@email.com,User123#
ucpt-262140209,Garry,Becker,garry.becker@email.com,User123#
ucpt-262146640,Andy,Klein,andy.klein@email.com,User123#
ucpt-262149692,Delphine,Ryan,delphine.ryan@email.com,User123#
ucpt-262142444,Buster,Muller,buster.muller@email.com,User123#
ucpt-262144870,Shawna,Cummings,shawna.cummings@email.com,User123#
ucpt-262147700,Rhea,Buckridge,rhea.buckridge@email.com,User123#
ucpt-262145964,Teresa,Friesen,teresa.friesen@email.com,User123#
ucpt-262145052,Manuela,Gerlach,manuela.gerlach@email.com,User123#
ucpt-262148214,Alejandrin,Kertzmann,alejandrin.kertzmann@email.com,User123#
ucpt-262148183,Marshall,Cruickshank,marshall.cruickshank@email.com,User123#
ucpt-262147671,Oral,McLaughlin,oral.mclaughlin@email.com,User123#
ucpt-262144243,Felicia,Sporer,felicia.sporer@email.com,User123#
ucpt-262149339,Constance,Cole,constance.cole@email.com,User123#
ucpt-262145915,Eleonore,Grady,eleonore.grady@email.com,User123#
ucpt-262141758,Blake,Wilderman,blake.wilderman@email.com,User123#
ucpt-262141356,Magdalena,Littel,magdalena.littel@email.com,User123#
ucpt-262146565,Jailyn,Hintz,jailyn.hintz@email.com,User123#
ucpt-262144090,Edwin,Jacobi,edwin.jacobi@email.com,User123#
ucpt-262148094,Lydia,Hane,lydia.hane@email.com,User123#
ucpt-262146018,Mathias,Johnson,mathias.johnson@email.com,User123#
ucpt-262143423,Arvilla,Ebert,arvilla.ebert@email.com,User123#
ucpt-262141576,Maeve,Wunsch,maeve.wunsch@email.com,User123#
ucpt-262149398,Tessie,Metz,tessie.metz@email.com,User123#
ucpt-262142555,Leda,Hodkiewicz,leda.hodkiewicz@email.com,User123#
ucpt-262149190,Quinton,Treutel,quinton.treutel@email.com,User123#
ucpt-262149130,Tyler,Reilly,tyler.reilly@email.com,User123#
ucpt-262149118,Vicenta,Hermiston,vicenta.hermiston@email.com,User123#
ucpt-262144939,Filomena,Bruen,filomena.bruen@email.com,User123#
ucpt-262149771,Keagan,Zieme,keagan.zieme@email.com,User123#
ucpt-262144967,Velva,Kozey,velva.kozey@email.com,User123#
ucpt-262140161,Dejuan,Mayert,dejuan.mayert@email.com,User123#
ucpt-262143394,Lula,Blick,lula.blick@email.com,User123#
ucpt-262145730,Gust,Bradtke,gust.bradtke@email.com,User123#
ucpt-262144706,Leila,Howell,leila.howell@email.com,User123#
ucpt-262148419,Kody,Littel,kody.littel@email.com,User123#
ucpt-262146934,Janet,Feeney,janet.feeney@email.com,User123#
ucpt-262148733,Scotty,Kris,scotty.kris@email.com,User123#
ucpt-262147315,Dave,White,dave.white@email.com,User123#
ucpt-262148587,Kasandra,Leuschke,kasandra.leuschke@email.com,User123#
ucpt-262144535,Angie,Heidenreich,angie.heidenreich@email.com,User123#
ucpt-262149545,Lucio,Reinger,lucio.reinger@email.com,User123#
ucpt-262147674,Uriah,Lehner,uriah.lehner@email.com,User123#
ucpt-262147720,Gerhard,Huel,gerhard.huel@email.com,User123#
ucpt-262147556,Hermann,Larson,hermann.larson@email.com,User123#
ucpt-262149130,Lula,Cartwright,lula.cartwright@email.com,User123#
ucpt-262149959,Lacey,Luettgen,lacey.luettgen@email.com,User123#
ucpt-262141438,Helene,Terry,helene.terry@email.com,User123#
ucpt-262141264,Naomie,Moore,naomie.moore@email.com,User123#
ucpt-262143227,Forrest,Durgan,forrest.durgan@email.com,User123#
ucpt-262148318,Casimer,Heidenreich,casimer.heidenreich@email.com,User123#
ucpt-262143085,Neha,Hackett,neha.hackett@email.com,User123#
ucpt-262146135,Brenda,Davis,brenda.davis@email.com,User123#
ucpt-262141142,Rhiannon,Kassulke,rhiannon.kassulke@email.com,User123#
ucpt-262149016,Emmy,Huels,emmy.huels@email.com,User123#
ucpt-262144423,Silas,Dibbert,silas.dibbert@email.com,User123#
ucpt-262144721,Kayleigh,Hintz,kayleigh.hintz@email.com,User123#
ucpt-262141046,Nayeli,Auer,nayeli.auer@email.com,User123#
ucpt-262147063,Lucienne,Mueller,lucienne.mueller@email.com,User123#
ucpt-262143001,Ebba,Cormier,ebba.cormier@email.com,User123#
ucpt-262149523,Tyreek,Howe,tyreek.howe@email.com,User123#
ucpt-262146448,Merlin,Reilly,merlin.reilly@email.com,User123#
ucpt-262144574,Guadalupe,Wuckert,guadalupe.wuckert@email.com,User123#
ucpt-262147543,Al,Lesch,al.lesch@email.com,User123#
ucpt-262141581,Jennie,Jerde,jennie.jerde@email.com,User123#
ucpt-262146556,Misael,O'Connell,misael.o'connell@email.com,User123#
ucpt-262149477,Greta,Waelchi,greta.waelchi@email.com,User123#
ucpt-262149850,Chaim,Kutch,chaim.kutch@email.com,User123#
ucpt-262141308,Missouri,McKenzie,missouri.mckenzie@email.com,User123#
ucpt-262141284,Benjamin,Bernier,benjamin.bernier@email.com,User123#
ucpt-262145336,Daryl,Berge,daryl.berge@email.com,User123#
ucpt-262147022,Donny,Schneider,donny.schneider@email.com,User123#
ucpt-262148675,Ted,Howell,ted.howell@email.com,User123#
ucpt-262142956,Heaven,McKenzie,heaven.mckenzie@email.com,User123#
ucpt-262147684,Dexter,Vandervort,dexter.vandervort@email.com,User123#
ucpt-262144608,Aubrey,Bergnaum,aubrey.bergnaum@email.com,User123#
ucpt-262144216,Pearl,Bosco,pearl.bosco@email.com,User123#
ucpt-262143594,Janet,Wiza,janet.wiza@email.com,User123#
ucpt-262144256,Virginia,Kuhlman,virginia.kuhlman@email.com,User123#
ucpt-262149500,Trenton,Will,trenton.will@email.com,User123#
ucpt-262143601,Mack,Leffler,mack.leffler@email.com,User123#
ucpt-262143037,Aniya,Goldner,aniya.goldner@email.com,User123#
ucpt-262143009,Wiley,Breitenberg,wiley.breitenberg@email.com,User123#
ucpt-262146444,Alysha,Greenholt,alysha.greenholt@email.com,User123#
ucpt-262145999,Mervin,Reichert,mervin.reichert@email.com,User123#
ucpt-262142881,Esteban,Lockman,esteban.lockman@email.com,User123#
ucpt-262140115,Norwood,Fisher,norwood.fisher@email.com,User123#
ucpt-262146536,Marcel,Pagac,marcel.pagac@email.com,User123#
ucpt-262146508,Summer,Flatley,summer.flatley@email.com,User123#
ucpt-262142563,Eula,Bahringer,eula.bahringer@email.com,User123#
ucpt-262143759,Eino,Steuber,eino.steuber@email.com,User123#
ucpt-262141269,Trystan,O'Kon,trystan.o'kon@email.com,User123#
ucpt-262145019,Trycia,Gerhold,trycia.gerhold@email.com,User123#
ucpt-262147236,Sammy,Moen,sammy.moen@email.com,User123#
ucpt-262147070,Ruth,Effertz,ruth.effertz@email.com,User123#
ucpt-262143118,Reese,Feeney,reese.feeney@email.com,User123#
ucpt-262146268,Louisa,Wintheiser,louisa.wintheiser@email.com,User123#
ucpt-262149007,Santino,Dickens,santino.dickens@email.com,User123#
ucpt-262140916,Eden,Hessel,eden.hessel@email.com,User123#
ucpt-262149904,Aniyah,Kertzmann,aniyah.kertzmann@email.com,User123#
ucpt-262146319,Birdie,Stokes,birdie.stokes@email.com,User123#
ucpt-262144146,Barney,Will,barney.will@email.com,User123#
ucpt-262140352,Paolo,Hyatt,paolo.hyatt@email.com,User123#
ucpt-262147544,Noah,Rau,noah.rau@email.com,User123#
ucpt-262140733,Douglas,Shanahan,douglas.shanahan@email.com,User123#
ucpt-262141309,Maxie,Cole,maxie.cole@email.com,User123#
ucpt-262145396,Ida,Jacobs,ida.jacobs@email.com,User123#
ucpt-262144282,Angela,Hintz,angela.hintz@email.com,User123#
ucpt-262145507,Torrey,Walker,torrey.walker@email.com,User123#
ucpt-262140934,Flossie,Collins,flossie.collins@email.com,User123#
ucpt-262140907,Naomi,Goodwin,naomi.goodwin@email.com,User123#
ucpt-262145091,Loyce,Ernser,loyce.ernser@email.com,User123#
ucpt-262148069,Dino,Beahan,dino.beahan@email.com,User123#
ucpt-262143927,Delaney,Carroll,delaney.carroll@email.com,User123#
ucpt-262144014,Angelo,Goldner,angelo.goldner@email.com,User123#
ucpt-262144238,Brendan,Osinski,brendan.osinski@email.com,User123#
ucpt-262141478,Arjun,Halvorson,arjun.halvorson@email.com,User123#
ucpt-262145908,Elva,Toy,elva.toy@email.com,User123#
ucpt-262146045,Haylee,Rogahn,haylee.rogahn@email.com,User123#
ucpt-262148713,Marietta,Kub,marietta.kub@email.com,User123#
ucpt-262140997,Sigurd,McLaughlin,sigurd.mclaughlin@email.com,User123#
ucpt-262140769,Vincenza,Stoltenberg,vincenza.stoltenberg@email.com,User123#
ucpt-262148862,Dalton,Stehr,dalton.stehr@email.com,User123#
ucpt-262145876,Jevon,Dickens,jevon.dickens@email.com,User123#
ucpt-262142348,Abdiel,Krajcik,abdiel.krajcik@email.com,User123#
ucpt-262147832,Mathew,Osinski,mathew.osinski@email.com,User123#
ucpt-262141930,Irving,Stiedemann,irving.stiedemann@email.com,User123#
ucpt-262144716,Anya,Grimes,anya.grimes@email.com,User123#
ucpt-262148135,Donavon,Pollich,donavon.pollich@email.com,User123#
ucpt-262146695,Emmie,Emard,emmie.emard@email.com,User123#
ucpt-262141739,Mariana,Pfannerstill,mariana.pfannerstill@email.com,User123#
ucpt-262146306,Briana,Klein,briana.klein@email.com,User123#
ucpt-262148524,Mazie,Mitchell,mazie.mitchell@email.com,User123#
ucpt-262141323,Kianna,Goyette,kianna.goyette@email.com,User123#
ucpt-262147256,Sydni,Smitham,sydni.smitham@email.com,User123#
ucpt-262140792,Albert,Wunsch,albert.wunsch@email.com,User123#
ucpt-262145831,Megane,Ankunding,megane.ankunding@email.com,User123#
ucpt-262147950,Audra,Stamm,audra.stamm@email.com,User123#
ucpt-262148872,Missouri,Langosh,missouri.langosh@email.com,User123#
ucpt-262146686,Lurline,Quigley,lurline.quigley@email.com,User123#
ucpt-262146017,Tad,Rohan,tad.rohan@email.com,User123#
ucpt-262140500,Destinee,Thompson,destinee.thompson@email.com,User123#
ucpt-262142683,Nova,Von,nova.von@email.com,User123#
ucpt-262144655,Arnulfo,Mosciski,arnulfo.mosciski@email.com,User123#
ucpt-262145516,Sim,Jacobi,sim.jacobi@email.com,User123#
ucpt-262148916,Donavon,Kris,donavon.kris@email.com,User123#
ucpt-262143262,Daryl,Hintz,daryl.hintz@email.com,User123#
ucpt-262149283,Willie,Bartoletti,willie.bartoletti@email.com,User123#
ucpt-262141150,Shad,Nitzsche,shad.nitzsche@email.com,User123#
ucpt-262145374,Nayeli,Gleason,nayeli.gleason@email.com,User123#
ucpt-262148793,Winifred,Ruecker,winifred.ruecker@email.com,User123#
ucpt-262148432,Davin,Hills,davin.hills@email.com,User123#
ucpt-262145956,Loma,Hahn,loma.hahn@email.com,User123#
ucpt-262149282,Juanita,Considine,juanita.considine@email.com,User123#
ucpt-262146995,Misael,Effertz,misael.effertz@email.com,User123#
ucpt-262146746,Kayla,Breitenberg,kayla.breitenberg@email.com,User123#
ucpt-262145305,Imelda,Kuvalis,imelda.kuvalis@email.com,User123#
ucpt-262148248,Camille,Vandervort,camille.vandervort@email.com,User123#
ucpt-262149796,Hilbert,Pouros,hilbert.pouros@email.com,User123#
ucpt-262141214,Kayleigh,Price,kayleigh.price@email.com,User123#
ucpt-262147857,Melissa,Dicki,melissa.dicki@email.com,User123#
ucpt-262144501,Helene,Schaden,helene.schaden@email.com,User123#
ucpt-262141148,Frieda,Fisher,frieda.fisher@email.com,User123#
ucpt-262146578,Christine,Robel,christine.robel@email.com,User123#
ucpt-262148297,Millie,Paucek,millie.paucek@email.com,User123#
ucpt-262147165,Edyth,Hayes,edyth.hayes@email.com,User123#
ucpt-262146784,Mathilde,Sauer,mathilde.sauer@email.com,User123#
ucpt-262142818,Adolfo,Krajcik,adolfo.krajcik@email.com,User123#
ucpt-262145283,Ophelia,Hahn,ophelia.hahn@email.com,User123#
ucpt-262149396,Donnie,Lang,donnie.lang@email.com,User123#
ucpt-262143755,Woodrow,Labadie,woodrow.labadie@email.com,User123#
ucpt-262142381,Alexandro,Stroman,alexandro.stroman@email.com,User123#
ucpt-262148593,Reinhold,Schuster,reinhold.schuster@email.com,User123#
ucpt-262148209,Judge,Casper,judge.casper@email.com,User123#
ucpt-262144487,Peter,Fahey,peter.fahey@email.com,User123#
ucpt-262145985,Jessyca,Stroman,jessyca.stroman@email.com,User123#
ucpt-262146288,Pedro,Kutch,pedro.kutch@email.com,User123#
ucpt-262143323,Eldridge,Dibbert,eldridge.dibbert@email.com,User123#
ucpt-262144155,Destini,Quigley,destini.quigley@email.com,User123#
ucpt-262141682,Libbie,Mayert,libbie.mayert@email.com,User123#
ucpt-262147885,Jay,Welch,jay.welch@email.com,User123#
ucpt-262149319,Sedrick,Brakus,sedrick.brakus@email.com,User123#
ucpt-262145381,Marina,Balistreri,marina.balistreri@email.com,User123#
ucpt-262148691,Juwan,Dibbert,juwan.dibbert@email.com,User123#
ucpt-262141540,Alfreda,Kihn,alfreda.kihn@email.com,User123#
ucpt-262144318,Emelia,Doyle,emelia.doyle@email.com,User123#
ucpt-262142838,Yvonne,Kulas,yvonne.kulas@email.com,User123#
ucpt-262148567,Claudine,Reynolds,claudine.reynolds@email.com,User123#
ucpt-262146992,Kitty,Miller,kitty.miller@email.com,User123#
ucpt-262142104,Halie,Schultz,halie.schultz@email.com,User123#
ucpt-262143509,Ubaldo,Ankunding,ubaldo.ankunding@email.com,User123#
ucpt-262143179,Raven,Adams,raven.adams@email.com,User123#
ucpt-262149718,Gilbert,Walker,gilbert.walker@email.com,User123#
ucpt-262147473,Jazmin,Turcotte,jazmin.turcotte@email.com,User123#
ucpt-262147129,Richie,Emmerich,richie.emmerich@email.com,User123#
ucpt-262140387,Drew,Bosco,drew.bosco@email.com,User123#
ucpt-262147482,Crawford,Mayer,crawford.mayer@email.com,User123#
ucpt-262149569,Damon,Boyle,damon.boyle@email.com,User123#
ucpt-262142940,Jeremie,Larson,jeremie.larson@email.com,User123#
ucpt-262141658,Abby,Durgan,abby.durgan@email.com,User123#
ucpt-262145034,Chaya,Wuckert,chaya.wuckert@email.com,User123#
ucpt-262147597,Shawna,Hagenes,shawna.hagenes@email.com,User123#
ucpt-262147678,Israel,Kassulke,israel.kassulke@email.com,User123#
ucpt-262141845,Darby,Klein,darby.klein@email.com,User123#
ucpt-262145383,Brayan,Hegmann,brayan.hegmann@email.com,User123#
ucpt-262145724,Jada,Jaskolski,jada.jaskolski@email.com,User123#
ucpt-262143963,Miracle,Maggio,miracle.maggio@email.com,User123#
ucpt-262140876,Ayden,Murray,ayden.murray@email.com,User123#
ucpt-262148786,Clementine,Konopelski,clementine.konopelski@email.com,User123#
ucpt-262143744,Kevin,Hamill,kevin.hamill@email.com,User123#
ucpt-262146861,Ewald,Gaylord,ewald.gaylord@email.com,User123#
ucpt-262149650,Kaitlyn,Lynch,kaitlyn.lynch@email.com,User123#
ucpt-262146400,Jazmin,Ledner,jazmin.ledner@email.com,User123#
ucpt-262143686,Emmy,Halvorson,emmy.halvorson@email.com,User123#
ucpt-262144862,Ewell,Stoltenberg,ewell.stoltenberg@email.com,User123#
ucpt-262148217,Ocie,Sipes,ocie.sipes@email.com,User123#
ucpt-262143404,Johnnie,Haag,johnnie.haag@email.com,User123#
ucpt-262149801,Pat,Hessel,pat.hessel@email.com,User123#
ucpt-262147813,Louvenia,O'Conner,louvenia.o'conner@email.com,User123#
ucpt-262144056,Spencer,Sauer,spencer.sauer@email.com,User123#
ucpt-262147207,Alek,Swaniawski,alek.swaniawski@email.com,User123#
ucpt-262144991,Kirstin,Reilly,kirstin.reilly@email.com,User123#
ucpt-262142937,Aliyah,Hodkiewicz,aliyah.hodkiewicz@email.com,User123#
ucpt-262147438,Amaya,Kemmer,amaya.kemmer@email.com,User123#
ucpt-262149542,Dax,Doyle,dax.doyle@email.com,User123#
ucpt-262149438,Judah,Lesch,judah.lesch@email.com,User123#
ucpt-262147678,Marjolaine,Pacocha,marjolaine.pacocha@email.com,User123#
ucpt-262143674,Dean,Hyatt,dean.hyatt@email.com,User123#
ucpt-262146148,Ila,Bernier,ila.bernier@email.com,User123#
ucpt-262144186,Samara,DuBuque,samara.dubuque@email.com,User123#
ucpt-262147300,Katelin,Cremin,katelin.cremin@email.com,User123#
ucpt-262140789,Tito,O'Reilly,tito.o'reilly@email.com,User123#
ucpt-262147294,Zola,VonRueden,zola.vonrueden@email.com,User123#
ucpt-262143235,Melba,O'Connell,melba.o'connell@email.com,User123#
ucpt-262142810,Michaela,Smitham,michaela.smitham@email.com,User123#
ucpt-262146260,Jamil,O'Keefe,jamil.o'keefe@email.com,User123#
ucpt-262145360,Cicero,Blanda,cicero.blanda@email.com,User123#
ucpt-262140850,Myra,McCullough,myra.mccullough@email.com,User123#
ucpt-262147171,Adeline,Larson,adeline.larson@email.com,User123#
ucpt-262149353,Lisandro,Haag,lisandro.haag@email.com,User123#
ucpt-262141817,Danika,Monahan,danika.monahan@email.com,User123#
ucpt-262146184,Elenora,Hamill,elenora.hamill@email.com,User123#
ucpt-262144650,Bulah,O'Keefe,bulah.o'keefe@email.com,User123#
ucpt-262143283,Pansy,Glover,pansy.glover@email.com,User123#
ucpt-262149229,Bruce,Monahan,bruce.monahan@email.com,User123#
ucpt-262144638,Florencio,MacGyver,florencio.macgyver@email.com,User123#
ucpt-262144004,Ashleigh,Schulist,ashleigh.schulist@email.com,User123#
ucpt-262148018,Roberto,Rowe,roberto.rowe@email.com,User123#
ucpt-262145674,Karson,Treutel,karson.treutel@email.com,User123#
ucpt-262141769,Evan,Abshire,evan.abshire@email.com,User123#
ucpt-262142902,Caden,Hyatt,caden.hyatt@email.com,User123#
ucpt-262146854,Jaylen,Waters,jaylen.waters@email.com,User123#
ucpt-262147824,Leonardo,Hegmann,leonardo.hegmann@email.com,User123#
ucpt-262144070,Art,Halvorson,art.halvorson@email.com,User123#
ucpt-262143995,Amira,Hyatt,amira.hyatt@email.com,User123#
ucpt-262144379,Lucile,Goodwin,lucile.goodwin@email.com,User123#
ucpt-262144360,Wava,Nitzsche,wava.nitzsche@email.com,User123#
ucpt-262147620,Ernie,Okuneva,ernie.okuneva@email.com,User123#
ucpt-262145681,Teresa,Bauch,teresa.bauch@email.com,User123#
ucpt-262144004,Ava,VonRueden,ava.vonrueden@email.com,User123#
ucpt-262141170,Michaela,Veum,michaela.veum@email.com,User123#
ucpt-262144601,Sofia,Boyle,sofia.boyle@email.com,User123#
ucpt-262149596,Wilson,Sawayn,wilson.sawayn@email.com,User123#
ucpt-262149357,Aron,Bahringer,aron.bahringer@email.com,User123#
ucpt-262146305,Noemi,Weissnat,noemi.weissnat@email.com,User123#
ucpt-262147463,Karelle,Klein,karelle.klein@email.com,User123#
ucpt-262146212,Favian,Cremin,favian.cremin@email.com,User123#
ucpt-262140372,Al,Bruen,al.bruen@email.com,User123#
ucpt-262141594,Coty,Kunde,coty.kunde@email.com,User123#
ucpt-262147707,Alta,Jast,alta.jast@email.com,User123#
ucpt-262146051,Lisandro,Lang,lisandro.lang@email.com,User123#
ucpt-262148425,Isom,Emmerich,isom.emmerich@email.com,User123#
ucpt-262148367,Pamela,Cremin,pamela.cremin@email.com,User123#
ucpt-262143239,Jettie,Hodkiewicz,jettie.hodkiewicz@email.com,User123#
ucpt-262141999,Kris,Stoltenberg,kris.stoltenberg@email.com,User123#
ucpt-262141857,Lura,Harber,lura.harber@email.com,User123#
ucpt-262141641,Josianne,Kuhlman,josianne.kuhlman@email.com,User123#
ucpt-262146475,Columbus,Zboncak,columbus.zboncak@email.com,User123#
ucpt-262147154,Rudolph,Smitham,rudolph.smitham@email.com,User123#
ucpt-262144490,Clare,Daugherty,clare.daugherty@email.com,User123#
ucpt-262140242,Marta,Connelly,marta.connelly@email.com,User123#
ucpt-262142755,Wayne,Yundt,wayne.yundt@email.com,User123#
ucpt-262144131,Carolanne,Halvorson,carolanne.halvorson@email.com,User123#
ucpt-262147321,Madisyn,Prohaska,madisyn.prohaska@email.com,User123#
ucpt-262148559,Lizeth,Kerluke,lizeth.kerluke@email.com,User123#
ucpt-262146333,Vance,Fadel,vance.fadel@email.com,User123#
ucpt-262143782,Maymie,Cronin,maymie.cronin@email.com,User123#
ucpt-262146102,Greta,O'Kon,greta.o'kon@email.com,User123#
ucpt-262148136,Ivah,Schultz,ivah.schultz@email.com,User123#
ucpt-262147113,Maci,Schuster,maci.schuster@email.com,User123#
ucpt-262140660,Jacklyn,Jakubowski,jacklyn.jakubowski@email.com,User123#
ucpt-262146231,Nat,Heller,nat.heller@email.com,User123#
ucpt-262149044,Loren,Rolfson,loren.rolfson@email.com,User123#
ucpt-262143016,Lucious,Jerde,lucious.jerde@email.com,User123#
ucpt-262147423,Justen,Champlin,justen.champlin@email.com,User123#
ucpt-262141514,Vanessa,Jacobi,vanessa.jacobi@email.com,User123#
ucpt-262144185,Joaquin,Rath,joaquin.rath@email.com,User123#
ucpt-262147531,Jacky,Fisher,jacky.fisher@email.com,User123#
ucpt-262143591,Leif,Bogisich,leif.bogisich@email.com,User123#
ucpt-262141807,Noemie,Brakus,noemie.brakus@email.com,User123#
ucpt-262147834,Trace,Kling,trace.kling@email.com,User123#
ucpt-262146572,Jaron,Jast,jaron.jast@email.com,User123#
ucpt-262146757,Cheyenne,Kuhic,cheyenne.kuhic@email.com,User123#
ucpt-262147757,Damion,Bergnaum,damion.bergnaum@email.com,User123#
ucpt-262148543,Hilario,Rogahn,hilario.rogahn@email.com,User123#
ucpt-262149258,Owen,Wehner,owen.wehner@email.com,User123#
ucpt-262142988,Cali,Bernier,cali.bernier@email.com,User123#
ucpt-262149528,Christophe,Ortiz,christophe.ortiz@email.com,User123#
ucpt-262148215,Reagan,Grant,reagan.grant@email.com,User123#
ucpt-262141660,Graciela,Waters,graciela.waters@email.com,User123#
ucpt-262143544,Megane,Reilly,megane.reilly@email.com,User123#
ucpt-262144544,Una,Larson,una.larson@email.com,User123#
ucpt-262141683,Lonie,Gaylord,lonie.gaylord@email.com,User123#
ucpt-262146017,Annabell,Tremblay,annabell.tremblay@email.com,User123#
ucpt-262147910,Elaina,Strosin,elaina.strosin@email.com,User123#
ucpt-262147987,Halie,Stamm,halie.stamm@email.com,User123#
ucpt-262143868,Reid,Little,reid.little@email.com,User123#
ucpt-262148255,Kirsten,Kirlin,kirsten.kirlin@email.com,User123#
ucpt-262145990,Morgan,Hane,morgan.hane@email.com,User123#
ucpt-262142336,Heloise,Zboncak,heloise.zboncak@email.com,User123#
ucpt-262143894,Durward,Moen,durward.moen@email.com,User123#
ucpt-262140500,Lorenz,Kassulke,lorenz.kassulke@email.com,User123#
ucpt-262140283,Evie,Durgan,evie.durgan@email.com,User123#
ucpt-262143921,Athena,Goldner,athena.goldner@email.com,User123#
ucpt-262149720,Mossie,Heathcote,mossie.heathcote@email.com,User123#
ucpt-262146297,Nayeli,Hyatt,nayeli.hyatt@email.com,User123#
ucpt-262140299,Hector,Walker,hector.walker@email.com,User123#
ucpt-262142700,Stella,Fisher,stella.fisher@email.com,User123#
ucpt-262147774,Shanie,Leannon,shanie.leannon@email.com,User123#
ucpt-262148175,Domenic,Huel,domenic.huel@email.com,User123#
ucpt-262142643,Selena,Monahan,selena.monahan@email.com,User123#
ucpt-262143055,Sarai,Stanton,sarai.stanton@email.com,User123#
ucpt-262146759,Kaia,Mitchell,kaia.mitchell@email.com,User123#
ucpt-262144156,Anjali,Cummings,anjali.cummings@email.com,User123#
ucpt-262142277,Jolie,Cummings,jolie.cummings@email.com,User123#
ucpt-262143363,Terrance,Schiller,terrance.schiller@email.com,User123#
ucpt-262144463,Jerrold,Bernhard,jerrold.bernhard@email.com,User123#
ucpt-262143377,Cecil,Tremblay,cecil.tremblay@email.com,User123#
ucpt-262149121,Reta,Ledner,reta.ledner@email.com,User123#
ucpt-262149467,Arno,Graham,arno.graham@email.com,User123#
ucpt-262149241,Janet,Kertzmann,janet.kertzmann@email.com,User123#
ucpt-262144843,Enid,Bechtelar,enid.bechtelar@email.com,User123#
ucpt-262143392,Izabella,Bashirian,izabella.bashirian@email.com,User123#
ucpt-262146649,Larry,Wehner,larry.wehner@email.com,User123#
ucpt-262149152,Celestine,Wisoky,celestine.wisoky@email.com,User123#
ucpt-262144681,Roselyn,Pollich,roselyn.pollich@email.com,User123#
ucpt-262145411,Flavie,Grimes,flavie.grimes@email.com,User123#
ucpt-262148564,Ebony,Doyle,ebony.doyle@email.com,User123#
ucpt-262142126,Cristal,Greenholt,cristal.greenholt@email.com,User123#
ucpt-262144307,Ezekiel,Bailey,ezekiel.bailey@email.com,User123#
ucpt-262145875,Kristofer,Ryan,kristofer.ryan@email.com,User123#
ucpt-262144583,Alivia,Mills,alivia.mills@email.com,User123#
ucpt-262148557,Shannon,Ortiz,shannon.ortiz@email.com,User123#
ucpt-262149626,Dan,Rowe,dan.rowe@email.com,User123#
ucpt-262142428,Jordyn,Prosacco,jordyn.prosacco@email.com,User123#
ucpt-262143256,Keanu,Schaefer,keanu.schaefer@email.com,User123#
ucpt-262145030,Deshawn,Wisozk,deshawn.wisozk@email.com,User123#
ucpt-262140346,Gudrun,Hills,gudrun.hills@email.com,User123#
ucpt-262146621,Shanon,Farrell,shanon.farrell@email.com,User123#
ucpt-262147038,Celia,Champlin,celia.champlin@email.com,User123#
ucpt-262147216,Maxime,Toy,maxime.toy@email.com,User123#
ucpt-262144117,Erik,Osinski,erik.osinski@email.com,User123#
ucpt-262148567,Francis,Braun,francis.braun@email.com,User123#
ucpt-262141164,Levi,Monahan,levi.monahan@email.com,User123#
ucpt-262142994,Mike,Gibson,mike.gibson@email.com,User123#
ucpt-262144841,Elenora,Cummings,elenora.cummings@email.com,User123#
ucpt-262142652,Anthony,Kuhn,anthony.kuhn@email.com,User123#
ucpt-262145935,Nick,Wiza,nick.wiza@email.com,User123#
ucpt-262141342,Tressie,Terry,tressie.terry@email.com,User123#
ucpt-262144802,Annalise,Kub,annalise.kub@email.com,User123#
ucpt-262147654,Delbert,Streich,delbert.streich@email.com,User123#
ucpt-262144414,Sarah,Hodkiewicz,sarah.hodkiewicz@email.com,User123#
ucpt-262147682,Anahi,Ledner,anahi.ledner@email.com,User123#
ucpt-262144255,Piper,Rice,piper.rice@email.com,User123#
ucpt-262149104,Blaise,Hahn,blaise.hahn@email.com,User123#
ucpt-262144678,Antonette,Howell,antonette.howell@email.com,User123#
ucpt-262145376,Cory,Jenkins,cory.jenkins@email.com,User123#
ucpt-262141918,Joany,Bogisich,joany.bogisich@email.com,User123#
ucpt-262149075,Gertrude,Schroeder,gertrude.schroeder@email.com,User123#
ucpt-262145520,Janet,Yundt,janet.yundt@email.com,User123#
ucpt-262140042,Collin,Hansen,collin.hansen@email.com,User123#
ucpt-262143528,Jane,Nader,jane.nader@email.com,User123#
ucpt-262140281,Geraldine,Okuneva,geraldine.okuneva@email.com,User123#
ucpt-262147675,Cecile,Williamson,cecile.williamson@email.com,User123#
ucpt-262145622,Glenna,Friesen,glenna.friesen@email.com,User123#
ucpt-262148932,Ara,Feeney,ara.feeney@email.com,User123#
ucpt-262147914,Terrell,Zemlak,terrell.zemlak@email.com,User123#
ucpt-262147116,Melany,Bosco,melany.bosco@email.com,User123#
ucpt-262146807,Esta,Muller,esta.muller@email.com,User123#
ucpt-262142377,Marquise,Parker,marquise.parker@email.com,User123#
ucpt-262145137,Christa,Goyette,christa.goyette@email.com,User123#
ucpt-262149406,Twila,Rutherford,twila.rutherford@email.com,User123#
ucpt-262140082,Florencio,Howe,florencio.howe@email.com,User123#
ucpt-262144989,Ellis,Wilderman,ellis.wilderman@email.com,User123#
ucpt-262141974,Burdette,White,burdette.white@email.com,User123#
ucpt-262148040,Nestor,Mraz,nestor.mraz@email.com,User123#
ucpt-262144610,Leopold,Thiel,leopold.thiel@email.com,User123#
ucpt-262143020,Kristoffer,Bechtelar,kristoffer.bechtelar@email.com,User123#
ucpt-262145310,Hester,Dietrich,hester.dietrich@email.com,User123#
ucpt-262143715,Angelita,Kiehn,angelita.kiehn@email.com,User123#
ucpt-262141242,Deborah,Kovacek,deborah.kovacek@email.com,User123#
ucpt-262148561,Abdiel,Zemlak,abdiel.zemlak@email.com,User123#
ucpt-262142610,Shirley,Schimmel,shirley.schimmel@email.com,User123#
ucpt-262148415,Nya,Yost,nya.yost@email.com,User123#
ucpt-262149552,Esta,Schaefer,esta.schaefer@email.com,User123#
ucpt-262143808,Vicenta,Bernier,vicenta.bernier@email.com,User123#
ucpt-262148465,Chance,Macejkovic,chance.macejkovic@email.com,User123#
ucpt-262145408,Kirstin,Schinner,kirstin.schinner@email.com,User123#
ucpt-262147049,Linnie,Wintheiser,linnie.wintheiser@email.com,User123#
ucpt-262147431,Romaine,Bartoletti,romaine.bartoletti@email.com,User123#
ucpt-262141208,Rogelio,Terry,rogelio.terry@email.com,User123#
ucpt-262143202,Isaias,Rippin,isaias.rippin@email.com,User123#
ucpt-262149744,Douglas,Rolfson,douglas.rolfson@email.com,User123#
ucpt-262148853,Yasmine,Bashirian,yasmine.bashirian@email.com,User123#
ucpt-262140111,Sienna,Quitzon,sienna.quitzon@email.com,User123#
ucpt-262142739,Patience,West,patience.west@email.com,User123#
ucpt-262148017,Sabryna,Ferry,sabryna.ferry@email.com,User123#
ucpt-262144845,Cordia,Botsford,cordia.botsford@email.com,User123#
ucpt-262142912,Romaine,Wiegand,romaine.wiegand@email.com,User123#
ucpt-262146657,Jordan,Yost,jordan.yost@email.com,User123#
ucpt-262140544,Melyna,Kuhic,melyna.kuhic@email.com,User123#
ucpt-262148875,Jeramie,Senger,jeramie.senger@email.com,User123#
ucpt-262144895,Lewis,Shanahan,lewis.shanahan@email.com,User123#
ucpt-262140329,Hugh,Kuhn,hugh.kuhn@email.com,User123#
ucpt-262149305,Jedidiah,Keeling,jedidiah.keeling@email.com,User123#
ucpt-262141810,Diana,Renner,diana.renner@email.com,User123#
ucpt-262143174,Jensen,Howell,jensen.howell@email.com,User123#
ucpt-262147082,Niko,Cremin,niko.cremin@email.com,User123#
ucpt-262149143,Haylie,Conroy,haylie.conroy@email.com,User123#
ucpt-262145822,Lulu,Rath,lulu.rath@email.com,User123#
ucpt-262145089,Woodrow,Kuphal,woodrow.kuphal@email.com,User123#
ucpt-262145616,Kamille,Runolfsson,kamille.runolfsson@email.com,User123#
ucpt-262148148,Maxime,Gerhold,maxime.gerhold@email.com,User123#
ucpt-262146868,Daphne,Schinner,daphne.schinner@email.com,User123#
ucpt-262145032,Joaquin,Breitenberg,joaquin.breitenberg@email.com,User123#
