username,firstname,lastname,email,password
uclm-262141721,Peyton,Sporer,peyton.sporer@email.com,User123#
uclm-262143555,Gloria,Zemlak,gloria.zemlak@email.com,User123#
uclm-262145049,Carolanne,Kunze,carolanne.kunze@email.com,User123#
uclm-262140952,Monroe,Satterfield,monroe.satterfield@email.com,User123#
uclm-262145760,Cesar,Dach,cesar.dach@email.com,User123#
uclm-262146576,Marcia,Ankunding,marcia.ankunding@email.com,User123#
uclm-262140490,Janet,Hansen,janet.hansen@email.com,User123#
uclm-262143689,Abe,Conn,abe.conn@email.com,User123#
uclm-262140209,Holly,Harvey,holly.harvey@email.com,User123#
uclm-262141691,Dedrick,Mills,dedrick.mills@email.com,User123#
uclm-262142729,Peyton,Farrell,peyton.farrell@email.com,User123#
uclm-262145302,Alayna,Effertz,alayna.effertz@email.com,User123#
uclm-262148206,Bettye,Heaney,bettye.heaney@email.com,User123#
uclm-262141019,Maye,Crist,maye.crist@email.com,User123#
uclm-262142088,Cynthia,Ankunding,cynthia.ankunding@email.com,User123#
uclm-262142159,Helene,Block,helene.block@email.com,User123#
uclm-262142743,Joe,Mohr,joe.mohr@email.com,User123#
uclm-262146406,Dianna,Kunde,dianna.kunde@email.com,User123#
uclm-262149410,Americo,Lakin,americo.lakin@email.com,User123#
uclm-262142015,Kayley,Jaskolski,kayley.jaskolski@email.com,User123#
uclm-262147534,Brittany,D'Amore,brittany.d'amore@email.com,User123#
uclm-262140010,David,Cummings,david.cummings@email.com,User123#
uclm-262146748,Baylee,Gerlach,baylee.gerlach@email.com,User123#
uclm-262148187,Hollis,Connelly,hollis.connelly@email.com,User123#
uclm-262147742,Esta,Cassin,esta.cassin@email.com,User123#
uclm-262143497,Barry,Bednar,barry.bednar@email.com,User123#
uclm-262147286,Merlin,Yundt,merlin.yundt@email.com,User123#
uclm-262144307,Vern,Rempel,vern.rempel@email.com,User123#
uclm-262149790,Salvatore,Quitzon,salvatore.quitzon@email.com,User123#
uclm-262142108,Leif,Lind,leif.lind@email.com,User123#
uclm-262143159,Frankie,Strosin,frankie.strosin@email.com,User123#
uclm-262143912,Kathlyn,Ondricka,kathlyn.ondricka@email.com,User123#
uclm-262146016,Era,Goldner,era.goldner@email.com,User123#
uclm-262141250,Edna,Morar,edna.morar@email.com,User123#
uclm-262142621,Brook,Deckow,brook.deckow@email.com,User123#
uclm-262144742,Nathanial,Gleichner,nathanial.gleichner@email.com,User123#
uclm-262149206,Daisy,Lynch,daisy.lynch@email.com,User123#
uclm-262142744,Lillian,Reichel,lillian.reichel@email.com,User123#
uclm-262144361,Franco,Little,franco.little@email.com,User123#
uclm-262149901,Krystina,Koss,krystina.koss@email.com,User123#
uclm-262147210,Nicole,Reichel,nicole.reichel@email.com,User123#
uclm-262145446,Keith,Romaguera,keith.romaguera@email.com,User123#
uclm-262142503,Newell,Monahan,newell.monahan@email.com,User123#
uclm-262142435,Oran,Bailey,oran.bailey@email.com,User123#
uclm-262149910,Karl,Keeling,karl.keeling@email.com,User123#
uclm-262140973,Daniela,Lowe,daniela.lowe@email.com,User123#
uclm-262145287,Harley,Farrell,harley.farrell@email.com,User123#
uclm-262148932,Abigale,Ziemann,abigale.ziemann@email.com,User123#
uclm-262148853,Nelda,Flatley,nelda.flatley@email.com,User123#
uclm-262140219,Willow,Schmitt,willow.schmitt@email.com,User123#
uclm-262148053,Percival,Hirthe,percival.hirthe@email.com,User123#
uclm-262146225,Vallie,Crist,vallie.crist@email.com,User123#
uclm-262141871,Greg,Zulauf,greg.zulauf@email.com,User123#
uclm-262144035,Anika,Flatley,anika.flatley@email.com,User123#
uclm-262145632,Amara,Quitzon,amara.quitzon@email.com,User123#
uclm-262145717,Arielle,Weissnat,arielle.weissnat@email.com,User123#
uclm-262146106,Jimmie,Ledner,jimmie.ledner@email.com,User123#
uclm-262144999,Domenico,Torp,domenico.torp@email.com,User123#
uclm-262149487,Dayne,Nader,dayne.nader@email.com,User123#
uclm-262144416,Sebastian,Brown,sebastian.brown@email.com,User123#
uclm-262148601,Kathleen,Swift,kathleen.swift@email.com,User123#
uclm-262149657,Allison,Beatty,allison.beatty@email.com,User123#
uclm-262141627,Gustave,Crona,gustave.crona@email.com,User123#
uclm-262141583,Ubaldo,Wyman,ubaldo.wyman@email.com,User123#
uclm-262146264,Antwon,Fadel,antwon.fadel@email.com,User123#
uclm-262141064,Chanelle,Olson,chanelle.olson@email.com,User123#
uclm-262143286,Hershel,Tromp,hershel.tromp@email.com,User123#
uclm-262148169,Lennie,Upton,lennie.upton@email.com,User123#
uclm-262148896,Darby,Conn,darby.conn@email.com,User123#
uclm-262146181,Fae,Kshlerin,fae.kshlerin@email.com,User123#
uclm-262140603,Alda,McCullough,alda.mccullough@email.com,User123#
uclm-262141296,Era,Windler,era.windler@email.com,User123#
uclm-262148862,Emily,Kshlerin,emily.kshlerin@email.com,User123#
uclm-262145271,Tevin,Bergstrom,tevin.bergstrom@email.com,User123#
uclm-262143573,Delfina,Rosenbaum,delfina.rosenbaum@email.com,User123#
uclm-262141976,Ephraim,Hudson,ephraim.hudson@email.com,User123#
uclm-262141486,Marisa,Gusikowski,marisa.gusikowski@email.com,User123#
uclm-262148424,Jolie,Konopelski,jolie.konopelski@email.com,User123#
uclm-262144964,Marina,Paucek,marina.paucek@email.com,User123#
uclm-262145707,Amanda,Oberbrunner,amanda.oberbrunner@email.com,User123#
uclm-262147001,Myrna,Mueller,myrna.mueller@email.com,User123#
uclm-262146091,Brielle,Kuhn,brielle.kuhn@email.com,User123#
uclm-262140811,Irwin,Bednar,irwin.bednar@email.com,User123#
uclm-262144686,Oda,Zemlak,oda.zemlak@email.com,User123#
uclm-262148687,Freddy,Wisozk,freddy.wisozk@email.com,User123#
uclm-262146572,Aisha,McKenzie,aisha.mckenzie@email.com,User123#
uclm-262149417,Leda,Morissette,leda.morissette@email.com,User123#
uclm-262145472,Chester,Lowe,chester.lowe@email.com,User123#
uclm-262140544,Lilian,Pouros,lilian.pouros@email.com,User123#
uclm-262146716,Jackie,Oberbrunner,jackie.oberbrunner@email.com,User123#
uclm-262145080,Abbigail,Auer,abbigail.auer@email.com,User123#
uclm-262141860,Devon,Lowe,devon.lowe@email.com,User123#
uclm-262141203,Raegan,Rolfson,raegan.rolfson@email.com,User123#
uclm-262145887,Travis,Cruickshank,travis.cruickshank@email.com,User123#
uclm-262146149,Enrico,Purdy,enrico.purdy@email.com,User123#
uclm-262148128,Wyman,Stamm,wyman.stamm@email.com,User123#
uclm-262149182,Lowell,Olson,lowell.olson@email.com,User123#
uclm-262144330,Amparo,Ruecker,amparo.ruecker@email.com,User123#
uclm-262149205,Edwardo,Kutch,edwardo.kutch@email.com,User123#
uclm-262144868,Davin,Littel,davin.littel@email.com,User123#
uclm-262145046,Akeem,Grimes,akeem.grimes@email.com,User123#
uclm-262146421,Gaylord,Vandervort,gaylord.vandervort@email.com,User123#
uclm-262143160,Jalyn,Mraz,jalyn.mraz@email.com,User123#
uclm-262147132,Ezekiel,Sporer,ezekiel.sporer@email.com,User123#
uclm-262148761,Levi,Schroeder,levi.schroeder@email.com,User123#
uclm-262143232,Madge,Rogahn,madge.rogahn@email.com,User123#
uclm-262149146,Shane,Collins,shane.collins@email.com,User123#
uclm-262140037,Jacquelyn,Wiegand,jacquelyn.wiegand@email.com,User123#
uclm-262140117,Ransom,MacGyver,ransom.macgyver@email.com,User123#
uclm-262142817,Everett,Feil,everett.feil@email.com,User123#
uclm-262149145,Leone,Senger,leone.senger@email.com,User123#
uclm-262148737,Emie,Donnelly,emie.donnelly@email.com,User123#
uclm-262149332,Carolina,Rodriguez,carolina.rodriguez@email.com,User123#
uclm-262141910,Bailey,Hegmann,bailey.hegmann@email.com,User123#
uclm-262149254,Ryann,Ruecker,ryann.ruecker@email.com,User123#
uclm-262142966,Mossie,Sipes,mossie.sipes@email.com,User123#
uclm-262140620,Foster,Altenwerth,foster.altenwerth@email.com,User123#
uclm-262142328,Makenna,Altenwerth,makenna.altenwerth@email.com,User123#
uclm-262149111,Reid,Durgan,reid.durgan@email.com,User123#
uclm-262143543,Jarred,Hilll,jarred.hilll@email.com,User123#
uclm-262141446,Akeem,Ebert,akeem.ebert@email.com,User123#
uclm-262146786,Alexanne,Smitham,alexanne.smitham@email.com,User123#
uclm-262144067,Alexzander,Hirthe,alexzander.hirthe@email.com,User123#
uclm-262142988,Naomie,Cremin,naomie.cremin@email.com,User123#
uclm-262143151,Morris,Beer,morris.beer@email.com,User123#
uclm-262144805,Allie,Welch,allie.welch@email.com,User123#
uclm-262144176,Ora,Thompson,ora.thompson@email.com,User123#
uclm-262145947,Courtney,Ziemann,courtney.ziemann@email.com,User123#
uclm-262144222,Silas,Okuneva,silas.okuneva@email.com,User123#
uclm-262143858,Santiago,Deckow,santiago.deckow@email.com,User123#
uclm-262142733,Wendell,Davis,wendell.davis@email.com,User123#
uclm-262144033,Jovan,Doyle,jovan.doyle@email.com,User123#
uclm-262140739,Charlene,Little,charlene.little@email.com,User123#
uclm-262147120,Heather,Rempel,heather.rempel@email.com,User123#
uclm-262140002,Imelda,Schowalter,imelda.schowalter@email.com,User123#
uclm-262145615,Katherine,Becker,katherine.becker@email.com,User123#
uclm-262147181,Nathanial,Runolfsson,nathanial.runolfsson@email.com,User123#
uclm-262147064,Godfrey,Green,godfrey.green@email.com,User123#
uclm-262145825,Litzy,Nikolaus,litzy.nikolaus@email.com,User123#
uclm-262144690,Savion,Keebler,savion.keebler@email.com,User123#
uclm-262149506,Brionna,Feil,brionna.feil@email.com,User123#
uclm-262147597,Maxie,McDermott,maxie.mcdermott@email.com,User123#
uclm-262140946,Jamel,Yundt,jamel.yundt@email.com,User123#
uclm-262143382,Armand,Lang,armand.lang@email.com,User123#
uclm-262145273,Felicity,Bartoletti,felicity.bartoletti@email.com,User123#
uclm-262148890,Archibald,Keeling,archibald.keeling@email.com,User123#
uclm-262148965,Krystel,Kuhic,krystel.kuhic@email.com,User123#
uclm-262147644,Nina,Runolfsdottir,nina.runolfsdottir@email.com,User123#
uclm-262149319,Hunter,Gibson,hunter.gibson@email.com,User123#
uclm-262146278,Shayne,Wuckert,shayne.wuckert@email.com,User123#
uclm-262140514,Cristina,Smith,cristina.smith@email.com,User123#
uclm-262146877,Otilia,Goodwin,otilia.goodwin@email.com,User123#
uclm-262142991,Verla,Flatley,verla.flatley@email.com,User123#
uclm-262146932,Zane,Breitenberg,zane.breitenberg@email.com,User123#
uclm-262147482,Viola,Reynolds,viola.reynolds@email.com,User123#
uclm-262143808,Aliya,Barrows,aliya.barrows@email.com,User123#
uclm-262147991,Bradley,Okuneva,bradley.okuneva@email.com,User123#
uclm-262142908,Jolie,Lebsack,jolie.lebsack@email.com,User123#
uclm-262146639,Treva,Bartell,treva.bartell@email.com,User123#
uclm-262142114,Jennyfer,Baumbach,jennyfer.baumbach@email.com,User123#
uclm-262146922,Carey,Dietrich,carey.dietrich@email.com,User123#
uclm-262149091,Vivianne,Littel,vivianne.littel@email.com,User123#
uclm-262148092,Della,Greenholt,della.greenholt@email.com,User123#
uclm-262140011,Daphnee,Friesen,daphnee.friesen@email.com,User123#
uclm-262143474,Wilfred,Hand,wilfred.hand@email.com,User123#
uclm-262145971,Keara,Emard,keara.emard@email.com,User123#
uclm-262148164,Trinity,Lynch,trinity.lynch@email.com,User123#
uclm-262148031,Yesenia,Zieme,yesenia.zieme@email.com,User123#
uclm-262148897,Vicente,Hammes,vicente.hammes@email.com,User123#
uclm-262146746,Lisa,Stanton,lisa.stanton@email.com,User123#
uclm-262147254,Omari,Pouros,omari.pouros@email.com,User123#
uclm-262147549,Dorian,Pacocha,dorian.pacocha@email.com,User123#
uclm-262149487,Josh,Hartmann,josh.hartmann@email.com,User123#
uclm-262140673,Quinton,Senger,quinton.senger@email.com,User123#
uclm-262145229,Jensen,Schuster,jensen.schuster@email.com,User123#
uclm-262140434,Brittany,Mayer,brittany.mayer@email.com,User123#
uclm-262140537,Rhea,Gulgowski,rhea.gulgowski@email.com,User123#
uclm-262141827,Wilfrid,Doyle,wilfrid.doyle@email.com,User123#
uclm-262145601,Vernie,Emard,vernie.emard@email.com,User123#
uclm-262146194,Jon,Bechtelar,jon.bechtelar@email.com,User123#
uclm-262141125,Brendon,Rutherford,brendon.rutherford@email.com,User123#
uclm-262145738,Josue,Hagenes,josue.hagenes@email.com,User123#
uclm-262144930,Amalia,Feest,amalia.feest@email.com,User123#
uclm-262145132,Sam,Fay,sam.fay@email.com,User123#
uclm-262145589,Connor,Kuhlman,connor.kuhlman@email.com,User123#
uclm-262141105,Joany,Kirlin,joany.kirlin@email.com,User123#
uclm-262142127,Percy,Steuber,percy.steuber@email.com,User123#
uclm-262144716,Keely,Emard,keely.emard@email.com,User123#
uclm-262145326,Greta,Harris,greta.harris@email.com,User123#
uclm-262141831,Melyna,Kshlerin,melyna.kshlerin@email.com,User123#
uclm-262149624,Emie,Homenick,emie.homenick@email.com,User123#
uclm-262143683,Citlalli,Gorczany,citlalli.gorczany@email.com,User123#
uclm-262140686,Matt,Stamm,matt.stamm@email.com,User123#
uclm-262148118,Selina,Armstrong,selina.armstrong@email.com,User123#
uclm-262142896,Kathlyn,Langosh,kathlyn.langosh@email.com,User123#
uclm-262145546,Rogers,Ward,rogers.ward@email.com,User123#
uclm-262142956,Bridie,Monahan,bridie.monahan@email.com,User123#
uclm-262143378,Jakayla,Gutkowski,jakayla.gutkowski@email.com,User123#
uclm-262145833,Stone,Beer,stone.beer@email.com,User123#
uclm-262148740,Clement,Cole,clement.cole@email.com,User123#
uclm-262146166,Maci,Langworth,maci.langworth@email.com,User123#
uclm-262146993,Nayeli,MacGyver,nayeli.macgyver@email.com,User123#
uclm-262140378,Magdalena,Oberbrunner,magdalena.oberbrunner@email.com,User123#
uclm-262145893,Isac,Beatty,isac.beatty@email.com,User123#
uclm-262146115,Luther,Treutel,luther.treutel@email.com,User123#
uclm-262145953,Kylie,Jaskolski,kylie.jaskolski@email.com,User123#
uclm-262140492,Fernando,Tillman,fernando.tillman@email.com,User123#
uclm-262146716,Arvid,Beier,arvid.beier@email.com,User123#
uclm-262147786,Walker,Grimes,walker.grimes@email.com,User123#
uclm-262140242,Leonor,Bernier,leonor.bernier@email.com,User123#
uclm-262140971,Lucious,Reilly,lucious.reilly@email.com,User123#
uclm-262148437,Greyson,McGlynn,greyson.mcglynn@email.com,User123#
uclm-262145175,Broderick,Morar,broderick.morar@email.com,User123#
uclm-262149370,Lexi,Hills,lexi.hills@email.com,User123#
uclm-262144113,Mark,Kessler,mark.kessler@email.com,User123#
uclm-262142154,Dan,Tillman,dan.tillman@email.com,User123#
uclm-262141865,Vivien,Harber,vivien.harber@email.com,User123#
uclm-262144914,Kara,McGlynn,kara.mcglynn@email.com,User123#
uclm-262148525,Nya,Yundt,nya.yundt@email.com,User123#
uclm-262146572,Arnulfo,Shanahan,arnulfo.shanahan@email.com,User123#
uclm-262141243,Lonzo,Heller,lonzo.heller@email.com,User123#
uclm-262140424,Telly,Stehr,telly.stehr@email.com,User123#
uclm-262145611,Abdullah,Champlin,abdullah.champlin@email.com,User123#
uclm-262144264,Ottilie,Kutch,ottilie.kutch@email.com,User123#
uclm-262147421,Carlie,Hamill,carlie.hamill@email.com,User123#
uclm-262140451,Mathilde,Senger,mathilde.senger@email.com,User123#
uclm-262147762,Wilma,Schoen,wilma.schoen@email.com,User123#
uclm-262149040,George,Heaney,george.heaney@email.com,User123#
uclm-262148400,Janessa,Cummings,janessa.cummings@email.com,User123#
uclm-262149823,Jena,Gottlieb,jena.gottlieb@email.com,User123#
uclm-262144067,Jarvis,Mante,jarvis.mante@email.com,User123#
uclm-262141326,Clotilde,Pollich,clotilde.pollich@email.com,User123#
uclm-262140183,Guillermo,Wunsch,guillermo.wunsch@email.com,User123#
uclm-262143339,Neal,Turcotte,neal.turcotte@email.com,User123#
uclm-262145584,Paul,Olson,paul.olson@email.com,User123#
uclm-262145696,Emely,Witting,emely.witting@email.com,User123#
uclm-262143042,Cameron,Schultz,cameron.schultz@email.com,User123#
uclm-262144458,Moises,Buckridge,moises.buckridge@email.com,User123#
uclm-262148693,Jeanne,Price,jeanne.price@email.com,User123#
uclm-262144164,Alayna,Rath,alayna.rath@email.com,User123#
uclm-262144529,Lillian,Medhurst,lillian.medhurst@email.com,User123#
uclm-262147175,Marcos,Prosacco,marcos.prosacco@email.com,User123#
uclm-262148765,Franz,Reichert,franz.reichert@email.com,User123#
uclm-262149353,Easter,Schinner,easter.schinner@email.com,User123#
uclm-262144256,Darien,Pfannerstill,darien.pfannerstill@email.com,User123#
uclm-262147008,Aylin,Reichel,aylin.reichel@email.com,User123#
uclm-262146038,Orland,Shields,orland.shields@email.com,User123#
uclm-262147377,Jaunita,Halvorson,jaunita.halvorson@email.com,User123#
uclm-262147785,Esta,Strosin,esta.strosin@email.com,User123#
uclm-262145921,Haylee,Mayert,haylee.mayert@email.com,User123#
uclm-262146317,Adrien,Reilly,adrien.reilly@email.com,User123#
uclm-262148460,Orville,Mayert,orville.mayert@email.com,User123#
uclm-262140648,Joelle,Runolfsson,joelle.runolfsson@email.com,User123#
uclm-262145115,Sage,Jacobs,sage.jacobs@email.com,User123#
uclm-262148443,Soledad,Cartwright,soledad.cartwright@email.com,User123#
uclm-262144395,Coralie,Pacocha,coralie.pacocha@email.com,User123#
uclm-262145570,Dariana,Gerhold,dariana.gerhold@email.com,User123#
uclm-262145843,Nona,Reynolds,nona.reynolds@email.com,User123#
uclm-262141375,Terrell,Zemlak,terrell.zemlak@email.com,User123#
uclm-262144189,Breanne,Yundt,breanne.yundt@email.com,User123#
uclm-262146842,Zackery,Dicki,zackery.dicki@email.com,User123#
uclm-262148814,Filiberto,Von,filiberto.von@email.com,User123#
uclm-262149364,Odell,Bogisich,odell.bogisich@email.com,User123#
uclm-262148406,Milo,Shanahan,milo.shanahan@email.com,User123#
uclm-262145106,Drake,O'Keefe,drake.o'keefe@email.com,User123#
uclm-262146998,Mertie,Considine,mertie.considine@email.com,User123#
uclm-262140260,Tiara,Beer,tiara.beer@email.com,User123#
uclm-262140127,Kendall,Kutch,kendall.kutch@email.com,User123#
uclm-262140630,Antonette,Nader,antonette.nader@email.com,User123#
uclm-262145694,Joel,Spencer,joel.spencer@email.com,User123#
uclm-262142170,Assunta,Olson,assunta.olson@email.com,User123#
uclm-262148079,Baby,Leffler,baby.leffler@email.com,User123#
uclm-262147564,Clemens,Bruen,clemens.bruen@email.com,User123#
uclm-262144104,Tess,Schumm,tess.schumm@email.com,User123#
uclm-262143343,Ernesto,Ebert,ernesto.ebert@email.com,User123#
uclm-262145691,Gwendolyn,Kreiger,gwendolyn.kreiger@email.com,User123#
uclm-262140243,Darrel,Satterfield,darrel.satterfield@email.com,User123#
uclm-262140911,Norma,Raynor,norma.raynor@email.com,User123#
uclm-262147318,Ricardo,Schroeder,ricardo.schroeder@email.com,User123#
uclm-262146652,Lukas,Prohaska,lukas.prohaska@email.com,User123#
uclm-262143179,Kylie,Hansen,kylie.hansen@email.com,User123#
uclm-262145760,Breanna,Jenkins,breanna.jenkins@email.com,User123#
uclm-262143901,Sabina,Zboncak,sabina.zboncak@email.com,User123#
uclm-262145631,Lilly,Huels,lilly.huels@email.com,User123#
uclm-262149994,Bessie,Goyette,bessie.goyette@email.com,User123#
uclm-262143376,Zora,Jaskolski,zora.jaskolski@email.com,User123#
uclm-262149630,Tyreek,Jakubowski,tyreek.jakubowski@email.com,User123#
uclm-262144972,Dominic,Lebsack,dominic.lebsack@email.com,User123#
uclm-262142177,Andre,Wiegand,andre.wiegand@email.com,User123#
uclm-262147196,Urban,Tremblay,urban.tremblay@email.com,User123#
uclm-262145806,Henri,Goyette,henri.goyette@email.com,User123#
uclm-262148266,Murray,Heathcote,murray.heathcote@email.com,User123#
uclm-262149115,Patrick,Effertz,patrick.effertz@email.com,User123#
uclm-262141380,Scottie,Douglas,scottie.douglas@email.com,User123#
uclm-262146472,Jaqueline,Ortiz,jaqueline.ortiz@email.com,User123#
uclm-262142346,Archibald,Collier,archibald.collier@email.com,User123#
uclm-262148945,Arlene,Cronin,arlene.cronin@email.com,User123#
uclm-262149666,Susana,Langosh,susana.langosh@email.com,User123#
uclm-262144011,Bonita,Wunsch,bonita.wunsch@email.com,User123#
uclm-262146996,Electa,Ritchie,electa.ritchie@email.com,User123#
uclm-262140930,Enos,Dooley,enos.dooley@email.com,User123#
uclm-262144617,Tiffany,Lubowitz,tiffany.lubowitz@email.com,User123#
uclm-262146303,Deonte,Anderson,deonte.anderson@email.com,User123#
uclm-262142751,Hannah,DuBuque,hannah.dubuque@email.com,User123#
uclm-262140886,Vance,Berge,vance.berge@email.com,User123#
uclm-262146904,Maddison,Rau,maddison.rau@email.com,User123#
uclm-262141685,General,Kris,general.kris@email.com,User123#
uclm-262146395,Dale,Rutherford,dale.rutherford@email.com,User123#
uclm-262146970,Destiney,Lubowitz,destiney.lubowitz@email.com,User123#
uclm-262149314,Ada,Koelpin,ada.koelpin@email.com,User123#
uclm-262141270,Foster,Baumbach,foster.baumbach@email.com,User123#
uclm-262141960,August,Rodriguez,august.rodriguez@email.com,User123#
uclm-262144123,Robyn,Sipes,robyn.sipes@email.com,User123#
uclm-262147297,Mohammed,Weber,mohammed.weber@email.com,User123#
uclm-262149100,Rozella,Keeling,rozella.keeling@email.com,User123#
uclm-262144021,Jarrett,Pagac,jarrett.pagac@email.com,User123#
uclm-262141204,Enola,Sawayn,enola.sawayn@email.com,User123#
uclm-262146734,Amya,Bergstrom,amya.bergstrom@email.com,User123#
uclm-262142037,Alanna,Wolf,alanna.wolf@email.com,User123#
uclm-262149826,Imani,Herman,imani.herman@email.com,User123#
uclm-262146679,Jerry,Dibbert,jerry.dibbert@email.com,User123#
uclm-262143224,Trudie,Braun,trudie.braun@email.com,User123#
uclm-262145377,Avis,Herman,avis.herman@email.com,User123#
uclm-262146620,Gregoria,Walter,gregoria.walter@email.com,User123#
uclm-262148117,Jacey,Pacocha,jacey.pacocha@email.com,User123#
uclm-262141137,Toby,Stark,toby.stark@email.com,User123#
uclm-262147401,Keyon,Mohr,keyon.mohr@email.com,User123#
uclm-262147696,Jamison,Bruen,jamison.bruen@email.com,User123#
uclm-262148382,Olga,Boyle,olga.boyle@email.com,User123#
uclm-262148115,Arnoldo,Nolan,arnoldo.nolan@email.com,User123#
uclm-262142794,Cathy,Moore,cathy.moore@email.com,User123#
uclm-262144521,Kailyn,Lemke,kailyn.lemke@email.com,User123#
uclm-262145816,Rosanna,Beer,rosanna.beer@email.com,User123#
uclm-262144199,Frederick,Graham,frederick.graham@email.com,User123#
uclm-262149069,Cristobal,Murphy,cristobal.murphy@email.com,User123#
uclm-262142029,Erick,Jakubowski,erick.jakubowski@email.com,User123#
uclm-262148819,Ephraim,Vandervort,ephraim.vandervort@email.com,User123#
uclm-262149116,Richard,Hayes,richard.hayes@email.com,User123#
uclm-262144060,Rickie,Douglas,rickie.douglas@email.com,User123#
uclm-262147740,Coralie,Hansen,coralie.hansen@email.com,User123#
uclm-262147683,Maddison,Hackett,maddison.hackett@email.com,User123#
uclm-262148204,Eddie,Cronin,eddie.cronin@email.com,User123#
uclm-262147058,Pierre,Kunze,pierre.kunze@email.com,User123#
uclm-262141543,Pansy,Kulas,pansy.kulas@email.com,User123#
uclm-262146157,Juanita,Shanahan,juanita.shanahan@email.com,User123#
uclm-262148373,Ramiro,Pfannerstill,ramiro.pfannerstill@email.com,User123#
uclm-262140414,Annette,Bartell,annette.bartell@email.com,User123#
uclm-262143600,Friedrich,Powlowski,friedrich.powlowski@email.com,User123#
uclm-262147955,Soledad,Corwin,soledad.corwin@email.com,User123#
uclm-262145792,Ryann,Conn,ryann.conn@email.com,User123#
uclm-262140671,Deron,Thiel,deron.thiel@email.com,User123#
uclm-262147705,Wayne,Stiedemann,wayne.stiedemann@email.com,User123#
uclm-262146268,Coralie,Leffler,coralie.leffler@email.com,User123#
uclm-262144755,Elyssa,Pfannerstill,elyssa.pfannerstill@email.com,User123#
uclm-262145010,Enola,Crooks,enola.crooks@email.com,User123#
uclm-262147812,Myriam,Terry,myriam.terry@email.com,User123#
uclm-262145971,Leland,Luettgen,leland.luettgen@email.com,User123#
uclm-262141484,Connor,Larkin,connor.larkin@email.com,User123#
uclm-262146912,Roslyn,Gibson,roslyn.gibson@email.com,User123#
uclm-262146065,Isaiah,Erdman,isaiah.erdman@email.com,User123#
uclm-262142615,Francis,Prohaska,francis.prohaska@email.com,User123#
uclm-262140249,Fabiola,Corwin,fabiola.corwin@email.com,User123#
uclm-262141615,Arne,Effertz,arne.effertz@email.com,User123#
uclm-262140967,Karlee,Deckow,karlee.deckow@email.com,User123#
uclm-262148075,Adele,Schowalter,adele.schowalter@email.com,User123#
uclm-262145805,Amelie,Torp,amelie.torp@email.com,User123#
uclm-262142538,Giovanny,Stanton,giovanny.stanton@email.com,User123#
uclm-262142560,Lauretta,Gaylord,lauretta.gaylord@email.com,User123#
uclm-262143148,Kameron,Murazik,kameron.murazik@email.com,User123#
uclm-262146429,Flavio,Lakin,flavio.lakin@email.com,User123#
uclm-262149245,Dennis,Denesik,dennis.denesik@email.com,User123#
uclm-262148490,Lauryn,McLaughlin,lauryn.mclaughlin@email.com,User123#
uclm-262142116,Arvel,Turcotte,arvel.turcotte@email.com,User123#
uclm-262146958,Bulah,Jacobi,bulah.jacobi@email.com,User123#
uclm-262143479,Kurt,Russel,kurt.russel@email.com,User123#
uclm-262141948,Esteban,Spencer,esteban.spencer@email.com,User123#
uclm-262142068,Josianne,Cormier,josianne.cormier@email.com,User123#
uclm-262141734,Viola,Durgan,viola.durgan@email.com,User123#
uclm-262144840,Kaleigh,Thiel,kaleigh.thiel@email.com,User123#
uclm-262145259,Danyka,Gislason,danyka.gislason@email.com,User123#
uclm-262148116,Frankie,Waelchi,frankie.waelchi@email.com,User123#
uclm-262140761,Tad,Bahringer,tad.bahringer@email.com,User123#
uclm-262146885,Dahlia,Rice,dahlia.rice@email.com,User123#
uclm-262145086,Gunnar,Johnston,gunnar.johnston@email.com,User123#
uclm-262140719,Laverna,Swaniawski,laverna.swaniawski@email.com,User123#
uclm-262149454,Jade,Kovacek,jade.kovacek@email.com,User123#
uclm-262144511,Kole,Rau,kole.rau@email.com,User123#
uclm-262142394,Cydney,Murray,cydney.murray@email.com,User123#
uclm-262141341,Nona,Baumbach,nona.baumbach@email.com,User123#
uclm-262149282,Veronica,Armstrong,veronica.armstrong@email.com,User123#
uclm-262143883,Patrick,Pollich,patrick.pollich@email.com,User123#
uclm-262149821,Edmund,Nolan,edmund.nolan@email.com,User123#
uclm-262141044,Libbie,Zboncak,libbie.zboncak@email.com,User123#
uclm-262143568,Guiseppe,Terry,guiseppe.terry@email.com,User123#
uclm-262146837,Harold,Carter,harold.carter@email.com,User123#
uclm-262142711,Cedrick,Koelpin,cedrick.koelpin@email.com,User123#
uclm-262144058,Adolfo,Lehner,adolfo.lehner@email.com,User123#
uclm-262140794,Hertha,Jones,hertha.jones@email.com,User123#
uclm-262146337,Lilla,Schultz,lilla.schultz@email.com,User123#
uclm-262149370,Lloyd,Hartmann,lloyd.hartmann@email.com,User123#
uclm-262148937,Antonina,Bergnaum,antonina.bergnaum@email.com,User123#
uclm-262143469,Vicky,Kertzmann,vicky.kertzmann@email.com,User123#
uclm-262140785,Roberta,Kunze,roberta.kunze@email.com,User123#
uclm-262148314,Monserrat,Quigley,monserrat.quigley@email.com,User123#
uclm-262142923,Sheldon,Hand,sheldon.hand@email.com,User123#
uclm-262149958,Stella,Smitham,stella.smitham@email.com,User123#
uclm-262146734,Athena,Pfannerstill,athena.pfannerstill@email.com,User123#
uclm-262140912,Lewis,Grant,lewis.grant@email.com,User123#
uclm-262143159,Aubrey,King,aubrey.king@email.com,User123#
uclm-262148409,Jarred,Morissette,jarred.morissette@email.com,User123#
uclm-262148340,Gladyce,Welch,gladyce.welch@email.com,User123#
uclm-262144450,Juwan,Fadel,juwan.fadel@email.com,User123#
uclm-262142592,Darron,Aufderhar,darron.aufderhar@email.com,User123#
uclm-262144968,Evalyn,Stokes,evalyn.stokes@email.com,User123#
uclm-262148483,Ashlynn,Krajcik,ashlynn.krajcik@email.com,User123#
uclm-262145434,Ahmed,Stroman,ahmed.stroman@email.com,User123#
uclm-262142719,Roderick,Bogisich,roderick.bogisich@email.com,User123#
uclm-262147956,Asa,Gutkowski,asa.gutkowski@email.com,User123#
uclm-262145810,Marjory,Flatley,marjory.flatley@email.com,User123#
uclm-262143556,Monserrat,West,monserrat.west@email.com,User123#
uclm-262147226,Vince,Morar,vince.morar@email.com,User123#
uclm-262148618,Oran,Collins,oran.collins@email.com,User123#
uclm-262146565,Treva,Bosco,treva.bosco@email.com,User123#
uclm-262143343,Jena,Hilpert,jena.hilpert@email.com,User123#
uclm-262149285,Darrick,Lindgren,darrick.lindgren@email.com,User123#
uclm-262145010,Chaz,Koepp,chaz.koepp@email.com,User123#
uclm-262146795,Ofelia,Strosin,ofelia.strosin@email.com,User123#
uclm-262144926,Kevon,Muller,kevon.muller@email.com,User123#
uclm-262149537,Rosalind,O'Connell,rosalind.o'connell@email.com,User123#
uclm-262141487,Pat,Mraz,pat.mraz@email.com,User123#
uclm-262147804,Isabel,Hagenes,isabel.hagenes@email.com,User123#
uclm-262149812,Brendon,Roberts,brendon.roberts@email.com,User123#
uclm-262148343,Santino,Hansen,santino.hansen@email.com,User123#
uclm-262149996,Brown,Fritsch,brown.fritsch@email.com,User123#
uclm-262147876,Dejah,Grimes,dejah.grimes@email.com,User123#
uclm-262149987,Toby,Hoeger,toby.hoeger@email.com,User123#
uclm-262141635,Ramon,Greenholt,ramon.greenholt@email.com,User123#
uclm-262147827,Ariel,Hoppe,ariel.hoppe@email.com,User123#
uclm-262143616,June,Rodriguez,june.rodriguez@email.com,User123#
uclm-262142876,Michel,Schinner,michel.schinner@email.com,User123#
uclm-262140130,Letha,Kassulke,letha.kassulke@email.com,User123#
uclm-262140425,Jovany,Erdman,jovany.erdman@email.com,User123#
uclm-262143200,Blaze,Sawayn,blaze.sawayn@email.com,User123#
uclm-262149343,Nia,Huels,nia.huels@email.com,User123#
uclm-262141131,Haven,Feil,haven.feil@email.com,User123#
uclm-262149479,Talia,Waters,talia.waters@email.com,User123#
uclm-262144283,Kiarra,Corkery,kiarra.corkery@email.com,User123#
uclm-262144692,Adah,Schultz,adah.schultz@email.com,User123#
uclm-262149411,Darryl,Powlowski,darryl.powlowski@email.com,User123#
uclm-262147394,Noemi,Streich,noemi.streich@email.com,User123#
uclm-262141300,Oren,Towne,oren.towne@email.com,User123#
uclm-262145629,Rowland,Sipes,rowland.sipes@email.com,User123#
uclm-262148941,Guiseppe,Kautzer,guiseppe.kautzer@email.com,User123#
uclm-262140620,Lucious,Shields,lucious.shields@email.com,User123#
uclm-262143622,Katharina,Marquardt,katharina.marquardt@email.com,User123#
uclm-262149041,Thurman,Marquardt,thurman.marquardt@email.com,User123#
uclm-262148281,Jamaal,Hoppe,jamaal.hoppe@email.com,User123#
uclm-262143734,Renee,Dickens,renee.dickens@email.com,User123#
uclm-262140493,Curt,Boyle,curt.boyle@email.com,User123#
uclm-262148896,Ellis,Hermiston,ellis.hermiston@email.com,User123#
uclm-262140107,Gage,Bernier,gage.bernier@email.com,User123#
uclm-262145028,Kendrick,Sipes,kendrick.sipes@email.com,User123#
uclm-262140866,Hannah,Terry,hannah.terry@email.com,User123#
uclm-262140270,Emory,Schinner,emory.schinner@email.com,User123#
uclm-262144753,Ressie,Purdy,ressie.purdy@email.com,User123#
uclm-262149122,Jordy,Brakus,jordy.brakus@email.com,User123#
uclm-262142447,Ignatius,Yost,ignatius.yost@email.com,User123#
uclm-262149944,Ezequiel,Goyette,ezequiel.goyette@email.com,User123#
uclm-262143690,Dandre,Quigley,dandre.quigley@email.com,User123#
uclm-262140238,Jimmie,VonRueden,jimmie.vonrueden@email.com,User123#
uclm-262148527,Vella,McGlynn,vella.mcglynn@email.com,User123#
uclm-262140974,Alexander,Hills,alexander.hills@email.com,User123#
uclm-262143098,Charlene,Ryan,charlene.ryan@email.com,User123#
uclm-262143040,Jules,Hane,jules.hane@email.com,User123#
uclm-262148075,Quinten,Prohaska,quinten.prohaska@email.com,User123#
uclm-262148207,Buddy,Windler,buddy.windler@email.com,User123#
uclm-262142652,Kiera,Gibson,kiera.gibson@email.com,User123#
uclm-262147639,Sigurd,Kuvalis,sigurd.kuvalis@email.com,User123#
uclm-262146600,Marvin,Weber,marvin.weber@email.com,User123#
uclm-262142489,Ronny,Runte,ronny.runte@email.com,User123#
uclm-262145451,Daphnee,Gleason,daphnee.gleason@email.com,User123#
uclm-262143463,Cassidy,Parisian,cassidy.parisian@email.com,User123#
uclm-262147214,Althea,Murphy,althea.murphy@email.com,User123#
uclm-262146910,Aleen,Gibson,aleen.gibson@email.com,User123#
uclm-262148867,Antoinette,Yundt,antoinette.yundt@email.com,User123#
uclm-262147648,Price,Roberts,price.roberts@email.com,User123#
uclm-262147000,Aleen,Pouros,aleen.pouros@email.com,User123#
uclm-262143804,Alicia,Morissette,alicia.morissette@email.com,User123#
uclm-262147505,Meaghan,Kohler,meaghan.kohler@email.com,User123#
uclm-262140993,Jaycee,King,jaycee.king@email.com,User123#
uclm-262147240,Alden,Prohaska,alden.prohaska@email.com,User123#
uclm-262147804,Liza,Beer,liza.beer@email.com,User123#
uclm-262144461,Jazmyne,Hudson,jazmyne.hudson@email.com,User123#
uclm-262145207,Wilmer,Hamill,wilmer.hamill@email.com,User123#
uclm-262145308,Julia,Durgan,julia.durgan@email.com,User123#
uclm-262142816,Dan,Altenwerth,dan.altenwerth@email.com,User123#
uclm-262140398,Allen,Kulas,allen.kulas@email.com,User123#
uclm-262141524,Ferne,Gottlieb,ferne.gottlieb@email.com,User123#
uclm-262146141,Brandt,Brekke,brandt.brekke@email.com,User123#
uclm-262148580,Demarco,Kutch,demarco.kutch@email.com,User123#
uclm-262144807,Justina,DuBuque,justina.dubuque@email.com,User123#
uclm-262142160,Leonie,Robel,leonie.robel@email.com,User123#
uclm-262142629,Bridie,Stokes,bridie.stokes@email.com,User123#
uclm-262146662,Maximillian,Considine,maximillian.considine@email.com,User123#
uclm-262141821,Albertha,Jenkins,albertha.jenkins@email.com,User123#
uclm-262147100,Kelley,Beahan,kelley.beahan@email.com,User123#
uclm-262148440,Willis,Leuschke,willis.leuschke@email.com,User123#
uclm-262148920,Coralie,Morissette,coralie.morissette@email.com,User123#
uclm-262142068,Wilford,Lesch,wilford.lesch@email.com,User123#
uclm-262142506,Dante,Harris,dante.harris@email.com,User123#
uclm-262147395,Oran,Johnson,oran.johnson@email.com,User123#
uclm-262140266,Malachi,Price,malachi.price@email.com,User123#
uclm-262147941,Laury,Senger,laury.senger@email.com,User123#
uclm-262143085,Magali,Dickens,magali.dickens@email.com,User123#
uclm-262143879,Ellen,Dickens,ellen.dickens@email.com,User123#
uclm-262144075,Eulah,O'Connell,eulah.o'connell@email.com,User123#
uclm-262144517,Cole,Fisher,cole.fisher@email.com,User123#
uclm-262147237,Kaci,Blick,kaci.blick@email.com,User123#
uclm-262142842,Arvel,Satterfield,arvel.satterfield@email.com,User123#
uclm-262141322,Hilario,McCullough,hilario.mccullough@email.com,User123#
uclm-262144701,Wallace,Schaden,wallace.schaden@email.com,User123#
uclm-262145947,Marshall,Tremblay,marshall.tremblay@email.com,User123#
uclm-262144168,Conrad,Padberg,conrad.padberg@email.com,User123#
uclm-262143540,Micaela,Pacocha,micaela.pacocha@email.com,User123#
uclm-262148103,Cletus,Marquardt,cletus.marquardt@email.com,User123#
uclm-262146003,Kristina,Schmidt,kristina.schmidt@email.com,User123#
uclm-262146310,Lon,Lehner,lon.lehner@email.com,User123#
uclm-262141000,Kiarra,Crona,kiarra.crona@email.com,User123#
uclm-262148330,Reynold,Weber,reynold.weber@email.com,User123#
uclm-262141789,Shana,Gorczany,shana.gorczany@email.com,User123#
uclm-262149711,Jadon,Lebsack,jadon.lebsack@email.com,User123#
uclm-262141621,Carmela,Waelchi,carmela.waelchi@email.com,User123#
uclm-262149549,Tremaine,Rau,tremaine.rau@email.com,User123#
uclm-262145636,Albertha,Anderson,albertha.anderson@email.com,User123#
uclm-262147598,Alberta,Bins,alberta.bins@email.com,User123#
uclm-262148787,Rhiannon,Kihn,rhiannon.kihn@email.com,User123#
uclm-262146854,Hillard,Jaskolski,hillard.jaskolski@email.com,User123#
uclm-262145124,Shana,O'Hara,shana.o'hara@email.com,User123#
uclm-262143117,Deion,Hagenes,deion.hagenes@email.com,User123#
uclm-262147812,Aurore,Bahringer,aurore.bahringer@email.com,User123#
uclm-262148316,Zachery,Romaguera,zachery.romaguera@email.com,User123#
uclm-262147638,Monique,Morissette,monique.morissette@email.com,User123#
uclm-262140980,Adaline,Runte,adaline.runte@email.com,User123#
uclm-262147899,Destiney,Trantow,destiney.trantow@email.com,User123#
uclm-262143535,Candida,Lebsack,candida.lebsack@email.com,User123#
uclm-262145339,Larissa,Ratke,larissa.ratke@email.com,User123#
uclm-262141862,Elisa,Dickens,elisa.dickens@email.com,User123#
uclm-262148204,Robin,Cronin,robin.cronin@email.com,User123#
uclm-262149757,Angelica,Weber,angelica.weber@email.com,User123#
uclm-262142223,Kim,Brekke,kim.brekke@email.com,User123#
uclm-262141436,Gussie,Gusikowski,gussie.gusikowski@email.com,User123#
uclm-262142817,Freddy,Weissnat,freddy.weissnat@email.com,User123#
uclm-262142667,Juston,McKenzie,juston.mckenzie@email.com,User123#
uclm-262143382,Wilfredo,King,wilfredo.king@email.com,User123#
uclm-262145459,Dax,Waelchi,dax.waelchi@email.com,User123#
uclm-262149661,Edison,Kub,edison.kub@email.com,User123#
uclm-262140153,Logan,Homenick,logan.homenick@email.com,User123#
uclm-262148819,Elliot,Ferry,elliot.ferry@email.com,User123#
uclm-262146838,Dixie,Wolf,dixie.wolf@email.com,User123#
uclm-262148755,Bill,Homenick,bill.homenick@email.com,User123#
uclm-262141512,Mariano,Hintz,mariano.hintz@email.com,User123#
uclm-262145058,Reinhold,Hagenes,reinhold.hagenes@email.com,User123#
uclm-262140383,Lois,Wunsch,lois.wunsch@email.com,User123#
uclm-262141848,Savannah,Heidenreich,savannah.heidenreich@email.com,User123#
uclm-262146220,Kane,Farrell,kane.farrell@email.com,User123#
uclm-262147260,Ignacio,Carter,ignacio.carter@email.com,User123#
uclm-262143130,Jeffery,Hintz,jeffery.hintz@email.com,User123#
uclm-262141905,Jeremie,Dibbert,jeremie.dibbert@email.com,User123#
uclm-262149870,Justus,Halvorson,justus.halvorson@email.com,User123#
uclm-262148676,Angeline,Miller,angeline.miller@email.com,User123#
uclm-262148989,Diana,Mante,diana.mante@email.com,User123#
uclm-262146973,Rosa,Stoltenberg,rosa.stoltenberg@email.com,User123#
uclm-262142109,Ford,Mayer,ford.mayer@email.com,User123#
uclm-262143699,Freeman,King,freeman.king@email.com,User123#
uclm-262140414,Rudolph,Boyer,rudolph.boyer@email.com,User123#
uclm-262145603,Bradly,Hermiston,bradly.hermiston@email.com,User123#
uclm-262147471,Gaston,Pouros,gaston.pouros@email.com,User123#
uclm-262140647,Valerie,Davis,valerie.davis@email.com,User123#
uclm-262148597,Braxton,Hettinger,braxton.hettinger@email.com,User123#
uclm-262141308,Mariela,Schamberger,mariela.schamberger@email.com,User123#
uclm-262143810,Favian,Herman,favian.herman@email.com,User123#
uclm-262145038,Emmalee,Oberbrunner,emmalee.oberbrunner@email.com,User123#
uclm-262149316,Kirsten,Brakus,kirsten.brakus@email.com,User123#
uclm-262147885,Brandyn,Price,brandyn.price@email.com,User123#
uclm-262140887,Lynn,McDermott,lynn.mcdermott@email.com,User123#
uclm-262149295,Eva,Boehm,eva.boehm@email.com,User123#
uclm-262142283,Joanny,Labadie,joanny.labadie@email.com,User123#
uclm-262146970,Reyna,Renner,reyna.renner@email.com,User123#
uclm-262147995,Dallas,Collins,dallas.collins@email.com,User123#
uclm-262143702,Marty,Kilback,marty.kilback@email.com,User123#
uclm-262147101,Colten,Abbott,colten.abbott@email.com,User123#
uclm-262145671,Angelita,Flatley,angelita.flatley@email.com,User123#
uclm-262145979,Ellie,Conroy,ellie.conroy@email.com,User123#
uclm-262142040,Vince,Sipes,vince.sipes@email.com,User123#
uclm-262149499,Mya,Koelpin,mya.koelpin@email.com,User123#
uclm-262143059,Horacio,Kuphal,horacio.kuphal@email.com,User123#
uclm-262144098,Daija,Vandervort,daija.vandervort@email.com,User123#
uclm-262147898,Jan,Brown,jan.brown@email.com,User123#
uclm-262141018,Brady,Schmidt,brady.schmidt@email.com,User123#
uclm-262149288,Cleveland,Brekke,cleveland.brekke@email.com,User123#
uclm-262148151,Jaclyn,Schaden,jaclyn.schaden@email.com,User123#
uclm-262142240,Celia,Dicki,celia.dicki@email.com,User123#
uclm-262141824,Thora,Medhurst,thora.medhurst@email.com,User123#
uclm-262142803,Bonnie,Hilpert,bonnie.hilpert@email.com,User123#
uclm-262142932,Paige,Barton,paige.barton@email.com,User123#
uclm-262141271,Eda,Hodkiewicz,eda.hodkiewicz@email.com,User123#
uclm-262149860,Samantha,Schamberger,samantha.schamberger@email.com,User123#
uclm-262140737,Breanna,Kassulke,breanna.kassulke@email.com,User123#
uclm-262142991,Thea,Douglas,thea.douglas@email.com,User123#
uclm-262147163,Clare,Graham,clare.graham@email.com,User123#
uclm-262146468,Roberta,Batz,roberta.batz@email.com,User123#
uclm-262143071,Augusta,Crona,augusta.crona@email.com,User123#
uclm-262142133,Vladimir,Purdy,vladimir.purdy@email.com,User123#
uclm-262149904,Cielo,McKenzie,cielo.mckenzie@email.com,User123#
uclm-262143806,Dina,Berge,dina.berge@email.com,User123#
uclm-262143598,Christ,Parker,christ.parker@email.com,User123#
uclm-262148622,Karley,Farrell,karley.farrell@email.com,User123#
uclm-262143696,Marley,Lockman,marley.lockman@email.com,User123#
uclm-262144104,Celestine,Macejkovic,celestine.macejkovic@email.com,User123#
uclm-262148118,Pasquale,Herzog,pasquale.herzog@email.com,User123#
uclm-262148521,Lillie,Larson,lillie.larson@email.com,User123#
uclm-262144351,Anderson,O'Hara,anderson.o'hara@email.com,User123#
uclm-262140957,America,Huels,america.huels@email.com,User123#
uclm-262145394,Hilton,Ritchie,hilton.ritchie@email.com,User123#
uclm-262149453,Price,Gerlach,price.gerlach@email.com,User123#
uclm-262140248,Vincenzo,Stiedemann,vincenzo.stiedemann@email.com,User123#
uclm-262148928,Jose,Weber,jose.weber@email.com,User123#
uclm-262148839,Lula,Bartoletti,lula.bartoletti@email.com,User123#
uclm-262141287,Evangeline,Lubowitz,evangeline.lubowitz@email.com,User123#
uclm-262149163,Van,Ward,van.ward@email.com,User123#
uclm-262146408,Garnett,McLaughlin,garnett.mclaughlin@email.com,User123#
uclm-262143835,Bethany,Pollich,bethany.pollich@email.com,User123#
uclm-262142568,Tabitha,Connelly,tabitha.connelly@email.com,User123#
uclm-262149660,Monserrat,Hagenes,monserrat.hagenes@email.com,User123#
uclm-262140940,Brendan,Gislason,brendan.gislason@email.com,User123#
uclm-262142280,Rosella,Heller,rosella.heller@email.com,User123#
uclm-262147198,Tressa,McClure,tressa.mcclure@email.com,User123#
uclm-262146786,Valentina,Rogahn,valentina.rogahn@email.com,User123#
uclm-262147005,Roselyn,Lowe,roselyn.lowe@email.com,User123#
uclm-262146190,Daphney,Hilll,daphney.hilll@email.com,User123#
uclm-262148092,Martine,Toy,martine.toy@email.com,User123#
uclm-262145834,Abdullah,Streich,abdullah.streich@email.com,User123#
uclm-262143626,Loma,Mayer,loma.mayer@email.com,User123#
uclm-262143774,Guiseppe,Carroll,guiseppe.carroll@email.com,User123#
uclm-262143600,Rosendo,Prohaska,rosendo.prohaska@email.com,User123#
uclm-262149295,Zoey,Kutch,zoey.kutch@email.com,User123#
uclm-262149656,Yasmine,Hintz,yasmine.hintz@email.com,User123#
uclm-262145451,Rolando,Lynch,rolando.lynch@email.com,User123#
uclm-262142593,Kennedy,Nienow,kennedy.nienow@email.com,User123#
uclm-262146397,Arne,Bednar,arne.bednar@email.com,User123#
uclm-262145305,Gwen,Oberbrunner,gwen.oberbrunner@email.com,User123#
uclm-262140294,Erna,Glover,erna.glover@email.com,User123#
uclm-262140393,Marlin,Kassulke,marlin.kassulke@email.com,User123#
uclm-262149880,Adelle,Gulgowski,adelle.gulgowski@email.com,User123#
uclm-262144805,Oleta,Waters,oleta.waters@email.com,User123#
uclm-262140034,Silas,Heidenreich,silas.heidenreich@email.com,User123#
uclm-262145262,Isai,Treutel,isai.treutel@email.com,User123#
uclm-262144384,Rickey,Kuhlman,rickey.kuhlman@email.com,User123#
uclm-262147893,Kaleigh,Thiel,kaleigh.thiel@email.com,User123#
uclm-262140033,Briana,Wyman,briana.wyman@email.com,User123#
uclm-262146641,Hector,Jacobson,hector.jacobson@email.com,User123#
uclm-262142665,Tyrique,Douglas,tyrique.douglas@email.com,User123#
uclm-262144296,Hector,Thiel,hector.thiel@email.com,User123#
uclm-262140517,Royal,Douglas,royal.douglas@email.com,User123#
uclm-262144674,Fritz,Eichmann,fritz.eichmann@email.com,User123#
uclm-262145767,Ida,Bode,ida.bode@email.com,User123#
uclm-262148801,Ned,Lemke,ned.lemke@email.com,User123#
uclm-262148065,Everette,Kuhlman,everette.kuhlman@email.com,User123#
uclm-262148324,Baylee,Mohr,baylee.mohr@email.com,User123#
uclm-262148436,Dedric,Veum,dedric.veum@email.com,User123#
uclm-262149098,Maribel,Dickinson,maribel.dickinson@email.com,User123#
uclm-262140678,Tod,Weissnat,tod.weissnat@email.com,User123#
uclm-262140643,Kaylin,Fadel,kaylin.fadel@email.com,User123#
uclm-262149148,Desiree,Sawayn,desiree.sawayn@email.com,User123#
uclm-262142510,Laila,Conroy,laila.conroy@email.com,User123#
uclm-262146660,Cassandre,Lakin,cassandre.lakin@email.com,User123#
uclm-262147677,Grayce,Howell,grayce.howell@email.com,User123#
uclm-262145628,Newton,Hamill,newton.hamill@email.com,User123#
uclm-262147194,Eriberto,Schoen,eriberto.schoen@email.com,User123#
uclm-262147334,Dimitri,Durgan,dimitri.durgan@email.com,User123#
uclm-262145299,Loyal,Renner,loyal.renner@email.com,User123#
uclm-262140715,Natasha,Bruen,natasha.bruen@email.com,User123#
uclm-262143599,Damon,Kuphal,damon.kuphal@email.com,User123#
uclm-262140818,Carlo,Schaden,carlo.schaden@email.com,User123#
uclm-262141322,Heather,Harris,heather.harris@email.com,User123#
uclm-262145536,Asha,Rath,asha.rath@email.com,User123#
uclm-262140272,Fred,Wyman,fred.wyman@email.com,User123#
uclm-262148976,Josefa,Stracke,josefa.stracke@email.com,User123#
uclm-262147642,Eden,Kuhlman,eden.kuhlman@email.com,User123#
uclm-262146555,Alfonzo,Kuhn,alfonzo.kuhn@email.com,User123#
uclm-262140201,Shannon,Braun,shannon.braun@email.com,User123#
uclm-262149560,Clark,Okuneva,clark.okuneva@email.com,User123#
uclm-262148726,Fred,Mills,fred.mills@email.com,User123#
uclm-262148322,Doyle,Littel,doyle.littel@email.com,User123#
uclm-262148740,Betsy,Kovacek,betsy.kovacek@email.com,User123#
uclm-262140203,Burdette,Rolfson,burdette.rolfson@email.com,User123#
uclm-262147369,Woodrow,Wyman,woodrow.wyman@email.com,User123#
uclm-262146918,Federico,Stark,federico.stark@email.com,User123#
uclm-262144018,Karelle,Bauch,karelle.bauch@email.com,User123#
uclm-262148592,Dena,McDermott,dena.mcdermott@email.com,User123#
uclm-262141027,Miller,Lesch,miller.lesch@email.com,User123#
uclm-262142617,Mertie,Weimann,mertie.weimann@email.com,User123#
uclm-262149356,Afton,Mosciski,afton.mosciski@email.com,User123#
uclm-262144166,Nicolas,O'Conner,nicolas.o'conner@email.com,User123#
uclm-262140230,Margarete,Kris,margarete.kris@email.com,User123#
uclm-262140377,Margret,Kuphal,margret.kuphal@email.com,User123#
uclm-262149292,Brenda,Prosacco,brenda.prosacco@email.com,User123#
uclm-262141705,Roxanne,Collier,roxanne.collier@email.com,User123#
uclm-262148525,Walter,Kilback,walter.kilback@email.com,User123#
uclm-262142280,Lisa,Trantow,lisa.trantow@email.com,User123#
uclm-262145930,Piper,Mertz,piper.mertz@email.com,User123#
uclm-262140754,Adrian,Barton,adrian.barton@email.com,User123#
uclm-262145573,Mozell,Schimmel,mozell.schimmel@email.com,User123#
uclm-262140207,Jerod,Bogisich,jerod.bogisich@email.com,User123#
uclm-262141300,Jensen,Volkman,jensen.volkman@email.com,User123#
uclm-262142168,Oscar,Fay,oscar.fay@email.com,User123#
uclm-262143817,Cordia,Paucek,cordia.paucek@email.com,User123#
uclm-262149092,Louisa,Jaskolski,louisa.jaskolski@email.com,User123#
uclm-262141698,Waylon,Kiehn,waylon.kiehn@email.com,User123#
uclm-262143528,Sabryna,Marvin,sabryna.marvin@email.com,User123#
uclm-262149729,Jazmin,Stehr,jazmin.stehr@email.com,User123#
uclm-262145565,Keshaun,Harber,keshaun.harber@email.com,User123#
uclm-262148437,Dylan,Shanahan,dylan.shanahan@email.com,User123#
uclm-262147288,Lia,Huels,lia.huels@email.com,User123#
uclm-262146426,Malika,Boyer,malika.boyer@email.com,User123#
uclm-262149761,Charity,Wisoky,charity.wisoky@email.com,User123#
uclm-262149861,Keith,Daniel,keith.daniel@email.com,User123#
uclm-262146379,Guiseppe,Marvin,guiseppe.marvin@email.com,User123#
uclm-262144495,Destinee,Kutch,destinee.kutch@email.com,User123#
uclm-262143457,Shyanne,Botsford,shyanne.botsford@email.com,User123#
uclm-262142218,Carlotta,Sawayn,carlotta.sawayn@email.com,User123#
uclm-262144253,Loyal,Olson,loyal.olson@email.com,User123#
uclm-262148213,Frederic,Wolf,frederic.wolf@email.com,User123#
uclm-262143216,Hanna,Roberts,hanna.roberts@email.com,User123#
uclm-262149546,Twila,Keebler,twila.keebler@email.com,User123#
uclm-262142362,Dariana,Schulist,dariana.schulist@email.com,User123#
uclm-262144687,Randi,Kunze,randi.kunze@email.com,User123#
uclm-262146984,Ambrose,Swaniawski,ambrose.swaniawski@email.com,User123#
uclm-262145451,Jana,Champlin,jana.champlin@email.com,User123#
uclm-262143806,Deanna,Sawayn,deanna.sawayn@email.com,User123#
uclm-262147141,Americo,Schmidt,americo.schmidt@email.com,User123#
uclm-262140248,Ramiro,Schuppe,ramiro.schuppe@email.com,User123#
uclm-262142175,Blanche,Schulist,blanche.schulist@email.com,User123#
uclm-262145126,Cecilia,Walker,cecilia.walker@email.com,User123#
uclm-262148014,Jana,Nitzsche,jana.nitzsche@email.com,User123#
uclm-262149326,Alysa,Dibbert,alysa.dibbert@email.com,User123#
uclm-262141556,Marguerite,Dickinson,marguerite.dickinson@email.com,User123#
uclm-262145171,Jody,Legros,jody.legros@email.com,User123#
uclm-262147043,Alec,King,alec.king@email.com,User123#
uclm-262148648,Nellie,Crist,nellie.crist@email.com,User123#
uclm-262143775,Carmelo,Botsford,carmelo.botsford@email.com,User123#
uclm-262141185,Carleton,Russel,carleton.russel@email.com,User123#
uclm-262141566,Chaya,Balistreri,chaya.balistreri@email.com,User123#
uclm-262147150,Theodora,Satterfield,theodora.satterfield@email.com,User123#
uclm-262144416,Octavia,Kub,octavia.kub@email.com,User123#
uclm-262146884,Cayla,Balistreri,cayla.balistreri@email.com,User123#
uclm-262145382,Hillary,Williamson,hillary.williamson@email.com,User123#
uclm-262147377,Zoie,Leuschke,zoie.leuschke@email.com,User123#
uclm-262147095,Kaylah,Christiansen,kaylah.christiansen@email.com,User123#
uclm-262142749,Vernie,Hilll,vernie.hilll@email.com,User123#
uclm-262142566,Lindsay,Larson,lindsay.larson@email.com,User123#
uclm-262149683,Mariane,Brown,mariane.brown@email.com,User123#
uclm-262149080,Berneice,Hansen,berneice.hansen@email.com,User123#
uclm-262143360,Emmy,Bashirian,emmy.bashirian@email.com,User123#
uclm-262146082,Ottis,Windler,ottis.windler@email.com,User123#
uclm-262144255,Jazmyn,Harber,jazmyn.harber@email.com,User123#
uclm-262149543,Jennie,Cummings,jennie.cummings@email.com,User123#
uclm-262146095,Cleora,Bayer,cleora.bayer@email.com,User123#
uclm-262145523,Nathaniel,Quigley,nathaniel.quigley@email.com,User123#
uclm-262143681,Lucienne,Nicolas,lucienne.nicolas@email.com,User123#
uclm-262145171,Curtis,Schimmel,curtis.schimmel@email.com,User123#
uclm-262147937,Joanny,Senger,joanny.senger@email.com,User123#
uclm-262149924,Jabari,Conn,jabari.conn@email.com,User123#
uclm-262141719,Rusty,Ondricka,rusty.ondricka@email.com,User123#
uclm-262147514,Jarrett,Leuschke,jarrett.leuschke@email.com,User123#
uclm-262149495,Chelsie,Hayes,chelsie.hayes@email.com,User123#
uclm-262148568,Twila,O'Connell,twila.o'connell@email.com,User123#
uclm-262149528,Gage,Becker,gage.becker@email.com,User123#
uclm-262144207,Devyn,Mueller,devyn.mueller@email.com,User123#
uclm-262140988,Name,Kunze,name.kunze@email.com,User123#
uclm-262142804,Hattie,Stark,hattie.stark@email.com,User123#
uclm-262141999,Theresa,Rice,theresa.rice@email.com,User123#
uclm-262146634,Hunter,Baumbach,hunter.baumbach@email.com,User123#
uclm-262145989,Bradly,Eichmann,bradly.eichmann@email.com,User123#
uclm-262145884,Jennie,Ritchie,jennie.ritchie@email.com,User123#
uclm-262145263,Fidel,Klein,fidel.klein@email.com,User123#
uclm-262146410,Raphael,Weimann,raphael.weimann@email.com,User123#
uclm-262143374,Junior,Grant,junior.grant@email.com,User123#
uclm-262149704,Lenore,Prohaska,lenore.prohaska@email.com,User123#
uclm-262143136,Brianne,Orn,brianne.orn@email.com,User123#
uclm-262144046,Cynthia,Fritsch,cynthia.fritsch@email.com,User123#
uclm-262145061,Jermaine,Olson,jermaine.olson@email.com,User123#
uclm-262141641,Kaylin,Hammes,kaylin.hammes@email.com,User123#
uclm-262149982,Whitney,Paucek,whitney.paucek@email.com,User123#
uclm-262145867,Mozell,Carroll,mozell.carroll@email.com,User123#
uclm-262143852,Freddy,Kassulke,freddy.kassulke@email.com,User123#
uclm-262145189,Winifred,Mayer,winifred.mayer@email.com,User123#
uclm-262144838,Hermina,Kuhlman,hermina.kuhlman@email.com,User123#
uclm-262146429,Jalon,Kessler,jalon.kessler@email.com,User123#
uclm-262145374,Garrett,O'Reilly,garrett.o'reilly@email.com,User123#
uclm-262144469,Jeff,Carroll,jeff.carroll@email.com,User123#
uclm-262143461,Lenna,Lynch,lenna.lynch@email.com,User123#
uclm-262145877,Sedrick,Mraz,sedrick.mraz@email.com,User123#
uclm-262140697,Colt,Senger,colt.senger@email.com,User123#
uclm-262147311,Sam,Ratke,sam.ratke@email.com,User123#
uclm-262142117,Amie,Sipes,amie.sipes@email.com,User123#
uclm-262148270,Alisha,Macejkovic,alisha.macejkovic@email.com,User123#
uclm-262145648,Adonis,Lehner,adonis.lehner@email.com,User123#
uclm-262147351,Ricardo,Volkman,ricardo.volkman@email.com,User123#
uclm-262143357,Charles,Shanahan,charles.shanahan@email.com,User123#
uclm-262143177,Mabelle,Fadel,mabelle.fadel@email.com,User123#
uclm-262147756,Hubert,Jenkins,hubert.jenkins@email.com,User123#
uclm-262148243,Robert,O'Connell,robert.o'connell@email.com,User123#
uclm-262148914,Ken,Hoeger,ken.hoeger@email.com,User123#
uclm-262141643,Christ,Gulgowski,christ.gulgowski@email.com,User123#
uclm-262148348,Roberto,Smitham,roberto.smitham@email.com,User123#
uclm-262141560,Roberto,Wiegand,roberto.wiegand@email.com,User123#
uclm-262144047,Devante,Tremblay,devante.tremblay@email.com,User123#
uclm-262147461,Evie,Nolan,evie.nolan@email.com,User123#
uclm-262143031,Dandre,Herman,dandre.herman@email.com,User123#
uclm-262146849,Rene,Rath,rene.rath@email.com,User123#
uclm-262146751,Johnpaul,Brekke,johnpaul.brekke@email.com,User123#
uclm-262140819,Alfonso,Haley,alfonso.haley@email.com,User123#
uclm-262142268,Cielo,Jones,cielo.jones@email.com,User123#
uclm-262143471,Rae,Crist,rae.crist@email.com,User123#
uclm-262141404,Alford,McDermott,alford.mcdermott@email.com,User123#
uclm-262148095,Victor,McClure,victor.mcclure@email.com,User123#
uclm-262148078,Amina,Hermiston,amina.hermiston@email.com,User123#
uclm-262147426,Lexi,Harber,lexi.harber@email.com,User123#
uclm-262147499,Micah,Lindgren,micah.lindgren@email.com,User123#
uclm-262141205,Victoria,Kovacek,victoria.kovacek@email.com,User123#
uclm-262146495,Betsy,Schaden,betsy.schaden@email.com,User123#
uclm-262142258,Aida,Leuschke,aida.leuschke@email.com,User123#
uclm-262142700,Isaac,Willms,isaac.willms@email.com,User123#
uclm-262147629,Marion,Bruen,marion.bruen@email.com,User123#
uclm-262147203,Alaina,Metz,alaina.metz@email.com,User123#
uclm-262147110,Jevon,Klocko,jevon.klocko@email.com,User123#
uclm-262149418,Kaylee,Zemlak,kaylee.zemlak@email.com,User123#
uclm-262140025,Demario,Emmerich,demario.emmerich@email.com,User123#
uclm-262142275,Mary,Glover,mary.glover@email.com,User123#
uclm-262148925,Tyrese,Auer,tyrese.auer@email.com,User123#
uclm-262147535,Casper,Runte,casper.runte@email.com,User123#
uclm-262143570,Vincenza,Botsford,vincenza.botsford@email.com,User123#
uclm-262143467,Gerald,Rempel,gerald.rempel@email.com,User123#
uclm-262149613,Jasmin,West,jasmin.west@email.com,User123#
uclm-262148188,Ryann,Durgan,ryann.durgan@email.com,User123#
uclm-262144178,Geovany,Heidenreich,geovany.heidenreich@email.com,User123#
uclm-262143199,Albin,Roberts,albin.roberts@email.com,User123#
uclm-262145980,Terry,Goodwin,terry.goodwin@email.com,User123#
uclm-262140518,Edison,Christiansen,edison.christiansen@email.com,User123#
uclm-262145920,Leif,Gislason,leif.gislason@email.com,User123#
uclm-262147119,Luciano,Blanda,luciano.blanda@email.com,User123#
uclm-262145593,Daron,Bartell,daron.bartell@email.com,User123#
uclm-262142199,Danielle,Hirthe,danielle.hirthe@email.com,User123#
uclm-262142989,Josephine,Crist,josephine.crist@email.com,User123#
uclm-262148728,Margarett,Mante,margarett.mante@email.com,User123#
uclm-262149424,Sadie,Beier,sadie.beier@email.com,User123#
uclm-262143232,Eleonore,Lesch,eleonore.lesch@email.com,User123#
uclm-262143326,Hailey,Abernathy,hailey.abernathy@email.com,User123#
uclm-262140782,Collin,Raynor,collin.raynor@email.com,User123#
uclm-262141565,Valentine,Reichel,valentine.reichel@email.com,User123#
uclm-262146510,Sheila,Maggio,sheila.maggio@email.com,User123#
uclm-262149921,Max,Johns,max.johns@email.com,User123#
uclm-262143953,Jaqueline,Nienow,jaqueline.nienow@email.com,User123#
uclm-262141299,Lulu,Ratke,lulu.ratke@email.com,User123#
uclm-262142624,Graciela,Kunze,graciela.kunze@email.com,User123#
uclm-262144248,Freddy,Hermiston,freddy.hermiston@email.com,User123#
uclm-262149539,Haylee,Windler,haylee.windler@email.com,User123#
uclm-262147959,Sasha,Nitzsche,sasha.nitzsche@email.com,User123#
uclm-262144243,Prince,D'Amore,prince.d'amore@email.com,User123#
uclm-262149689,Daryl,Hoeger,daryl.hoeger@email.com,User123#
uclm-262140550,Helene,Spencer,helene.spencer@email.com,User123#
uclm-262146213,Bella,Grimes,bella.grimes@email.com,User123#
uclm-262149679,Alfonso,Koss,alfonso.koss@email.com,User123#
uclm-262141403,Columbus,Keebler,columbus.keebler@email.com,User123#
uclm-262146217,Sherwood,Hagenes,sherwood.hagenes@email.com,User123#
uclm-262143454,Agustina,Towne,agustina.towne@email.com,User123#
uclm-262145319,Therese,Schmidt,therese.schmidt@email.com,User123#
uclm-262147220,Katharina,Williamson,katharina.williamson@email.com,User123#
uclm-262141816,Clint,Denesik,clint.denesik@email.com,User123#
uclm-262146105,Christopher,Collier,christopher.collier@email.com,User123#
uclm-262140757,Vivienne,Blanda,vivienne.blanda@email.com,User123#
uclm-262146027,Dejon,Schiller,dejon.schiller@email.com,User123#
uclm-262147333,Xander,Stamm,xander.stamm@email.com,User123#
uclm-262142696,Elsa,Terry,elsa.terry@email.com,User123#
uclm-262143927,Boris,Kohler,boris.kohler@email.com,User123#
uclm-262140258,Felicia,Turcotte,felicia.turcotte@email.com,User123#
uclm-262147135,Dejah,Hagenes,dejah.hagenes@email.com,User123#
uclm-262140900,Mariela,Lueilwitz,mariela.lueilwitz@email.com,User123#
uclm-262146593,Marge,Larkin,marge.larkin@email.com,User123#
uclm-262147128,Velda,Schinner,velda.schinner@email.com,User123#
uclm-262148432,Russell,Cremin,russell.cremin@email.com,User123#
uclm-262143625,Weldon,Nikolaus,weldon.nikolaus@email.com,User123#
uclm-262140396,Gage,Towne,gage.towne@email.com,User123#
uclm-262142932,Valerie,Kozey,valerie.kozey@email.com,User123#
uclm-262144602,Dayana,Ryan,dayana.ryan@email.com,User123#
uclm-262146348,Priscilla,Runolfsson,priscilla.runolfsson@email.com,User123#
uclm-262145488,Bret,Grimes,bret.grimes@email.com,User123#
uclm-262140607,Dagmar,Rau,dagmar.rau@email.com,User123#
uclm-262145157,Cristian,Tillman,cristian.tillman@email.com,User123#
uclm-262140215,Alana,Keebler,alana.keebler@email.com,User123#
uclm-262148134,Zander,Morar,zander.morar@email.com,User123#
uclm-262143238,Retta,Walter,retta.walter@email.com,User123#
uclm-262146412,Mason,O'Reilly,mason.o'reilly@email.com,User123#
uclm-262148634,Hilda,Balistreri,hilda.balistreri@email.com,User123#
uclm-262144055,Favian,Krajcik,favian.krajcik@email.com,User123#
uclm-262148599,Aracely,Fahey,aracely.fahey@email.com,User123#
uclm-262146787,Estell,Emard,estell.emard@email.com,User123#
uclm-262143754,Lon,Mayer,lon.mayer@email.com,User123#
uclm-262147841,Aditya,Kerluke,aditya.kerluke@email.com,User123#
uclm-262147607,Leatha,Schaden,leatha.schaden@email.com,User123#
uclm-262141299,Jacquelyn,Zieme,jacquelyn.zieme@email.com,User123#
uclm-262146618,Hilton,Daniel,hilton.daniel@email.com,User123#
uclm-262148822,Bernie,Fahey,bernie.fahey@email.com,User123#
uclm-262142755,Kaleigh,Littel,kaleigh.littel@email.com,User123#
uclm-262140294,Mellie,Hessel,mellie.hessel@email.com,User123#
uclm-262146054,Gardner,McGlynn,gardner.mcglynn@email.com,User123#
uclm-262148378,Jalyn,MacGyver,jalyn.macgyver@email.com,User123#
uclm-262142414,Nia,Stanton,nia.stanton@email.com,User123#
uclm-262149488,Elvis,Koss,elvis.koss@email.com,User123#
uclm-262148428,Davon,Conroy,davon.conroy@email.com,User123#
uclm-262145858,Brycen,Romaguera,brycen.romaguera@email.com,User123#
uclm-262143677,Dayton,Osinski,dayton.osinski@email.com,User123#
uclm-262146338,Forest,Gislason,forest.gislason@email.com,User123#
uclm-262145942,Alanis,Hodkiewicz,alanis.hodkiewicz@email.com,User123#
uclm-262146818,Lamar,Farrell,lamar.farrell@email.com,User123#
uclm-262140975,Pietro,Padberg,pietro.padberg@email.com,User123#
uclm-262141626,Althea,Crooks,althea.crooks@email.com,User123#
uclm-262140486,Delia,Wiegand,delia.wiegand@email.com,User123#
uclm-262146100,Velva,Hamill,velva.hamill@email.com,User123#
uclm-262144635,Queen,Herzog,queen.herzog@email.com,User123#
uclm-262140278,Kenyatta,Altenwerth,kenyatta.altenwerth@email.com,User123#
uclm-262140732,Cathy,Kovacek,cathy.kovacek@email.com,User123#
uclm-262143759,Linnie,Tillman,linnie.tillman@email.com,User123#
uclm-262140897,Gage,Hilll,gage.hilll@email.com,User123#
uclm-262147188,Rafael,Lang,rafael.lang@email.com,User123#
uclm-262145517,Emile,Wunsch,emile.wunsch@email.com,User123#
uclm-262141761,Frank,Raynor,frank.raynor@email.com,User123#
uclm-262143875,Jonathan,Weimann,jonathan.weimann@email.com,User123#
uclm-262146024,Leonor,McCullough,leonor.mccullough@email.com,User123#
uclm-262149233,Beaulah,Ryan,beaulah.ryan@email.com,User123#
uclm-262146946,Grady,Turner,grady.turner@email.com,User123#
uclm-262149382,Alice,Heaney,alice.heaney@email.com,User123#
uclm-262147899,Annamarie,Klocko,annamarie.klocko@email.com,User123#
uclm-262140940,Anika,Jacobson,anika.jacobson@email.com,User123#
uclm-262143305,Dusty,Grady,dusty.grady@email.com,User123#
uclm-262140302,Lela,Hamill,lela.hamill@email.com,User123#
uclm-262142058,Lizeth,Wolff,lizeth.wolff@email.com,User123#
uclm-262141044,Marcel,Ratke,marcel.ratke@email.com,User123#
uclm-262145721,Fredy,Lang,fredy.lang@email.com,User123#
uclm-262149728,Maritza,Klocko,maritza.klocko@email.com,User123#
uclm-262146262,Holly,Kunze,holly.kunze@email.com,User123#
uclm-262146064,Alvina,Bednar,alvina.bednar@email.com,User123#
uclm-262144456,Cristal,Jakubowski,cristal.jakubowski@email.com,User123#
uclm-262144229,Clara,Heidenreich,clara.heidenreich@email.com,User123#
uclm-262149676,Vida,Adams,vida.adams@email.com,User123#
uclm-262145577,Vincent,Little,vincent.little@email.com,User123#
uclm-262142889,Hildegard,Considine,hildegard.considine@email.com,User123#
uclm-262141060,Elyse,Lind,elyse.lind@email.com,User123#
uclm-262149832,Alex,Kozey,alex.kozey@email.com,User123#
uclm-262146630,Kenneth,Carter,kenneth.carter@email.com,User123#
uclm-262146749,Kali,Walsh,kali.walsh@email.com,User123#
uclm-262143806,Saul,Brekke,saul.brekke@email.com,User123#
uclm-262147821,Liam,Orn,liam.orn@email.com,User123#
uclm-262147462,Nico,Runte,nico.runte@email.com,User123#
uclm-262144516,Hollis,Brown,hollis.brown@email.com,User123#
uclm-262140606,Orin,O'Kon,orin.o'kon@email.com,User123#
uclm-262146403,Kathlyn,Koelpin,kathlyn.koelpin@email.com,User123#
uclm-262142413,Rita,Hintz,rita.hintz@email.com,User123#
uclm-262140502,Aracely,Rempel,aracely.rempel@email.com,User123#
uclm-262149329,Alexandrine,Tremblay,alexandrine.tremblay@email.com,User123#
uclm-262149591,Kari,Ledner,kari.ledner@email.com,User123#
uclm-262149685,Brady,Ebert,brady.ebert@email.com,User123#
uclm-262145825,Abagail,Gorczany,abagail.gorczany@email.com,User123#
uclm-262144330,Mikayla,Hyatt,mikayla.hyatt@email.com,User123#
uclm-262147179,Graciela,Frami,graciela.frami@email.com,User123#
uclm-262147600,Janessa,Feest,janessa.feest@email.com,User123#
uclm-262143195,Gardner,Murphy,gardner.murphy@email.com,User123#
uclm-262141255,Otha,Powlowski,otha.powlowski@email.com,User123#
uclm-262148602,Aidan,Padberg,aidan.padberg@email.com,User123#
uclm-262148316,Buddy,Gusikowski,buddy.gusikowski@email.com,User123#
uclm-262149782,Mac,Connelly,mac.connelly@email.com,User123#
uclm-262145592,Jean,Stark,jean.stark@email.com,User123#
uclm-262142304,Molly,Jenkins,molly.jenkins@email.com,User123#
uclm-262146053,Jarvis,Hermann,jarvis.hermann@email.com,User123#
uclm-262148620,Hardy,Breitenberg,hardy.breitenberg@email.com,User123#
uclm-262148371,Darien,Hermann,darien.hermann@email.com,User123#
uclm-262142274,Buck,Boyer,buck.boyer@email.com,User123#
uclm-262149557,Bernhard,Fadel,bernhard.fadel@email.com,User123#
uclm-262145726,Adrienne,Frami,adrienne.frami@email.com,User123#
uclm-262145599,Kenton,Leuschke,kenton.leuschke@email.com,User123#
uclm-262148508,Grady,Armstrong,grady.armstrong@email.com,User123#
uclm-262142728,Nova,Bahringer,nova.bahringer@email.com,User123#
uclm-262141620,Keyon,Nikolaus,keyon.nikolaus@email.com,User123#
uclm-262146041,Jonatan,Mills,jonatan.mills@email.com,User123#
uclm-262141718,Tia,Considine,tia.considine@email.com,User123#
uclm-262147357,Adolfo,Luettgen,adolfo.luettgen@email.com,User123#
uclm-262147157,Patrick,King,patrick.king@email.com,User123#
uclm-262146178,Mylene,Morar,mylene.morar@email.com,User123#
uclm-262149792,Nedra,Ortiz,nedra.ortiz@email.com,User123#
